CV7VNA11,101, 0, 1, 0, 0, 0, 1
DGFO7C11,102, 1, 1, 0, 0, 0, 1
7HSLIO11,101, 0, 1, 0, 0, 0, 1
MJWRDY11,101, 0, 1, 0, 0, 0, 1
ZWG5KJ21,101, 0, 1, 0, 0, 0, 1
WS8OJZ21,101, 0, 1, 0, 0, 0, 1
5F7U3D31,101, 0, 1, 0, 0, 0, 1
NJVKLT31,101, 0, 1, 0, 0, 0, 1
7QMXSW31,101, 0, 1, 0, 0, 0, 1
ZE6NL941,101, 0, 1, 0, 0, 0, 1
6ZJSAA41,102, 1, 1, 0, 0, 0, 1
P411HC41,101, 0, 1, 0, 0, 0, 1
P644EH41,101, 0, 1, 0, 0, 0, 1
P796KH51,101, 0, 1, 0, 0, 0, 1
6QCK9G71,101, 0, 1, 0, 0, 0, 1
13MX3M71,101, 0, 1, 0, 0, 0, 1
EYZSSQ71,101, 0, 1, 0, 0, 0, 1
CNS3CC81,101, 0, 1, 0, 0, 0, 1
X6FRS191,101, 0, 1, 0, 0, 0, 1
ZPATEM91,101, 0, 1, 0, 0, 0, 1
QO6RMMA1,101, 0, 1, 0, 0, 0, 1
O4J8HPA1,102, 1, 1, 0, 0, 0, 1
YBC14RA1,101, 0, 1, 0, 0, 0, 1
GA5GTYA1,101, 0, 1, 0, 0, 0, 1
DFHRREB1,101, 0, 1, 0, 0, 0, 1
5DZBDRB1,102, 1, 1, 0, 0, 0, 1
Z8D79LC1,101, 0, 1, 0, 0, 0, 1
F4MWQ7D1,101, 0, 1, 0, 0, 0, 1
4GHFUFE1,101, 0, 1, 0, 0, 0, 1
PQV2NUE1,102, 1, 1, 0, 0, 0, 1
J1PZ1RF1,101, 0, 1, 0, 0, 0, 1
2ASNQ8G1,101, 0, 1, 0, 0, 0, 1
778WHVG1,101, 0, 1, 0, 0, 0, 1
OBKY58H1,101, 0, 1, 0, 0, 0, 1
G88DJGH1,101, 0, 1, 0, 0, 0, 1
6GBMJXH1,101, 0, 1, 0, 0, 0, 1
TDG415I1,101, 0, 1, 0, 0, 0, 1
RJ6D55I1,101, 0, 1, 0, 0, 0, 1
VZFXJGI1,102, 1, 1, 0, 0, 0, 1
6QT7RHI1,101, 0, 1, 0, 0, 0, 1
K4SNFCJ1,101, 0, 1, 0, 0, 0, 1
2NVQZGJ1,102, 1, 1, 0, 0, 0, 1
9S3LMOJ1,101, 0, 1, 0, 0, 0, 1
QL959WJ1,101, 0, 1, 0, 0, 0, 1
SR7VZ2K1,101, 0, 1, 0, 0, 0, 1
J7OOG5L1,101, 0, 1, 0, 0, 0, 1
1B43L1M1,101, 0, 1, 0, 0, 0, 1
UWYJ2PM1,101, 0, 1, 0, 0, 0, 1
D5DG6WM1,101, 0, 1, 0, 0, 0, 1
83JXUNN1,102, 1, 1, 0, 0, 0, 1
M4194BO1,101, 0, 1, 0, 0, 0, 1
VSLBFDO1,102, 1, 1, 0, 0, 0, 1
G36VNQP1,101, 0, 1, 0, 0, 0, 1
NDJLJTP1,101, 0, 1, 0, 0, 0, 1
LE92UVQ1,101, 0, 1, 0, 0, 0, 1
G2JO6LR1,101, 0, 1, 0, 0, 0, 1
TCBLC2T1,101, 0, 1, 0, 0, 0, 1
S1NGQWT1,103, 2, 1, 0, 0, 0, 1
9BP911U1,101, 0, 1, 0, 0, 0, 1
FTGLDHU1,101, 0, 1, 0, 0, 0, 1
555XVOU1,101, 0, 1, 0, 0, 0, 1
41TPJTV1,101, 0, 1, 0, 0, 0, 1
EJP46WV1,101, 0, 1, 0, 0, 0, 1
R9B3LCW1,102, 0, 1, 0, 0, 0, 2
ZLXK19X1,101, 0, 1, 0, 0, 0, 1
W3NB8AX1,101, 0, 1, 0, 0, 0, 1
OMA8J6Y1,101, 0, 1, 0, 0, 0, 1
OU9KMBY1,101, 0, 1, 0, 0, 0, 1
QI63E4Z1,101, 0, 1, 0, 0, 0, 1
F8MHR512,102, 1, 1, 0, 0, 0, 1
ZBJJ1B12,101, 0, 1, 0, 0, 0, 1
F9EYEF12,101, 0, 1, 0, 0, 0, 1
WXNXOO12,101, 0, 1, 0, 0, 0, 1
TICB3G32,101, 0, 1, 0, 0, 0, 1
OMKPQU32,102, 1, 1, 0, 0, 0, 1
3B1BW742,101, 0, 1, 0, 0, 0, 1
COQXZB42,101, 0, 1, 0, 0, 0, 1
CTU3CD42,101, 0, 1, 0, 0, 0, 1
K6RZ7M42,101, 0, 1, 0, 0, 0, 1
33JQL652,101, 0, 1, 0, 0, 0, 1
PDSDOM52,101, 0, 1, 0, 0, 0, 1
G9FPCW52,102, 1, 1, 0, 0, 0, 1
DN36RA62,101, 0, 1, 0, 0, 0, 1
7JGBUZ62,101, 0, 1, 0, 0, 0, 1
BLNOY682,101, 0, 1, 0, 0, 0, 1
CN8NNB82,101, 0, 1, 0, 0, 0, 1
FSJLSB82,101, 0, 1, 0, 0, 0, 1
XYDHVE82,101, 0, 1, 0, 0, 0, 1
ALQIRA92,102, 1, 1, 0, 0, 0, 1
398SQM92,101, 0, 1, 0, 0, 0, 1
LIYDSO92,101, 0, 1, 0, 0, 0, 1
K8R52IA2,101, 0, 1, 0, 0, 0, 1
PESWFRA2,101, 0, 1, 0, 0, 0, 1
IH29Z2B2,101, 0, 1, 0, 0, 0, 1
3SVJGOB2,101, 0, 1, 0, 0, 0, 1
9D14X6C2,101, 0, 1, 0, 0, 0, 1
RXPNC7C2,101, 0, 1, 0, 0, 0, 1
O4X27YC2,101, 0, 1, 0, 0, 0, 1
K7OQ36D2,101, 0, 1, 0, 0, 0, 1
IQGQ1DD2,101, 0, 1, 0, 0, 0, 1
WHJUN9E2,102, 1, 1, 0, 0, 0, 1
OOS6GGE2,101, 0, 1, 0, 0, 0, 1
WSOL9ME2,101, 0, 1, 0, 0, 0, 1
9PBOWME2,101, 0, 1, 0, 0, 0, 1
QWU4U4F2,101, 0, 1, 0, 0, 0, 1
OEIWG7F2,101, 0, 1, 0, 0, 0, 1
4359L9F2,101, 0, 1, 0, 0, 0, 1
HSOZ2KG2,101, 0, 1, 0, 0, 0, 1
R6ZL9RG2,102, 1, 1, 0, 0, 0, 1
L4PZXIH2,101, 0, 1, 0, 0, 0, 1
26FC6UH2,101, 0, 1, 0, 0, 0, 1
DSK9QUH2,101, 0, 1, 0, 0, 0, 1
S67I44I2,101, 0, 1, 0, 0, 0, 1
KPFYI5I2,101, 0, 1, 0, 0, 0, 1
JPB7RQK2,101, 0, 1, 0, 0, 0, 1
3JAYBUK2,101, 0, 1, 0, 0, 0, 1
JOSFLWK2,101, 0, 1, 0, 0, 0, 1
Q2UIV8L2,101, 0, 1, 0, 0, 0, 1
97KI79L2,101, 0, 1, 0, 0, 0, 1
POAEZIL2,101, 0, 1, 0, 0, 0, 1
DE1FQVL2,102, 1, 1, 0, 0, 0, 1
EQZIKNM2,101, 0, 1, 0, 0, 0, 1
CADM7RM2,101, 0, 1, 0, 0, 0, 1
U8QRCTM2,101, 0, 1, 0, 0, 0, 1
Q2XUPDN2,101, 0, 1, 0, 0, 0, 1
MBVA9LN2,102, 0, 1, 0, 0, 0, 2
D2X9A9O2,101, 0, 1, 0, 0, 0, 1
43GU7FO2,102, 0, 1, 0, 0, 0, 2
4332VFO2,101, 0, 1, 0, 0, 0, 1
21MYDYO2,101, 0, 1, 0, 0, 0, 1
MEU3D8P2,103, 2, 1, 0, 0, 0, 1
UV9L9IP2,101, 0, 1, 0, 0, 0, 1
16BGOIP2,101, 0, 1, 0, 0, 0, 1
SMKWTCR2,101, 0, 1, 0, 0, 0, 1
K2UB2IR2,101, 0, 1, 0, 0, 0, 1
HQHIKNR2,101, 0, 1, 0, 0, 0, 1
BGBFV8S2,101, 0, 1, 0, 0, 0, 1
4DXXDNS2,101, 0, 1, 0, 0, 0, 1
4OYKHWS2,101, 0, 1, 0, 0, 0, 1
YMYD98T2,101, 0, 1, 0, 0, 0, 1
GZS6YRT2,102, 1, 1, 0, 0, 0, 1
2THO65U2,101, 0, 1, 0, 0, 0, 1
24CQQBU2,101, 0, 1, 0, 0, 0, 1
G81ZL8V2,101, 0, 1, 0, 0, 0, 1
TMIHOJV2,102, 1, 1, 0, 0, 0, 1
IG5FN2X2,101, 0, 1, 0, 0, 0, 1
5EDCDCX2,101, 0, 1, 0, 0, 0, 1
4DEUUKX2,101, 0, 1, 0, 0, 0, 1
BBNBG1Y2,101, 0, 1, 0, 0, 0, 1
GO8LQ4Y2,101, 0, 1, 0, 0, 0, 1
5ZZWM4Y2,101, 0, 1, 0, 0, 0, 1
SC4XAFY2,101, 0, 1, 0, 0, 0, 1
PZLIYMZ2,101, 0, 1, 0, 0, 0, 1
VL4XUB13,101, 0, 1, 0, 0, 0, 1
KVXMY923,101, 0, 1, 0, 0, 0, 1
OUQTCE23,101, 0, 1, 0, 0, 0, 1
XSDC4333,101, 0, 1, 0, 0, 0, 1
QI5G1C33,101, 0, 1, 0, 0, 0, 1
9OWEXR33,101, 0, 1, 0, 0, 0, 1
SGAAG343,101, 0, 1, 0, 0, 0, 1
7O6GOK53,101, 0, 1, 0, 0, 0, 1
MZL3YV63,101, 0, 1, 0, 0, 0, 1
JP47BV73,101, 0, 1, 0, 0, 0, 1
LK99MX73,101, 0, 1, 0, 0, 0, 1
PALLI483,101, 0, 1, 0, 0, 0, 1
7BQ61683,101, 0, 1, 0, 0, 0, 1
EMFXA5A3,102, 1, 1, 0, 0, 0, 1
DKZQWHA3,101, 0, 1, 0, 0, 0, 1
K56CRLA3,101, 0, 1, 0, 0, 0, 1
G8W2FAB3,101, 0, 1, 0, 0, 0, 1
DQTSC9C3,101, 0, 1, 0, 0, 0, 1
9WBVQ9C3,101, 0, 1, 0, 0, 0, 1
8G14GMC3,101, 0, 1, 0, 0, 0, 1
6GUP84D3,101, 0, 1, 0, 0, 0, 1
VI9KQWD3,101, 0, 1, 0, 0, 0, 1
6V4MPYD3,101, 0, 1, 0, 0, 0, 1
MF7EJHE3,101, 0, 1, 0, 0, 0, 1
VL35PZF3,101, 0, 1, 0, 0, 0, 1
R5XKI1G3,101, 0, 1, 0, 0, 0, 1
LU1WLAG3,101, 0, 1, 0, 0, 0, 1
TAX3J2H3,101, 0, 1, 0, 0, 0, 1
K66EF6H3,101, 0, 1, 0, 0, 0, 1
17O517H3,101, 0, 1, 0, 0, 0, 1
ZEUDKTH3,101, 0, 1, 0, 0, 0, 1
8JP1WBI3,101, 0, 1, 0, 0, 0, 1
E5F4JHI3,101, 0, 1, 0, 0, 0, 1
LBW638J3,101, 0, 1, 0, 0, 0, 1
H7PYQFJ3,101, 0, 1, 0, 0, 0, 1
2L1QENJ3,101, 0, 1, 0, 0, 0, 1
G1N5WRJ3,101, 0, 1, 0, 0, 0, 1
8P9FJUL3,101, 0, 1, 0, 0, 0, 1
DAR7ZXL3,101, 0, 1, 0, 0, 0, 1
CZ9IPHM3,101, 0, 1, 0, 0, 0, 1
8KVHNIM3,102, 0, 1, 0, 0, 0, 2
78F617N3,101, 0, 1, 0, 0, 0, 1
X7XTE2P3,101, 0, 1, 0, 0, 0, 1
NLLG8RP3,101, 0, 1, 0, 0, 0, 1
VO4J1VQ3,101, 0, 1, 0, 0, 0, 1
XTRL67R3,102, 1, 1, 0, 0, 0, 1
73KC7AR3,101, 0, 1, 0, 0, 0, 1
4867ZBR3,101, 0, 1, 0, 0, 0, 1
WAOOROR3,101, 0, 1, 0, 0, 0, 1
9AW9F2S3,101, 0, 1, 0, 0, 0, 1
ZQ1YQ7V3,102, 1, 1, 0, 0, 0, 1
2D3QA5W3,103, 2, 1, 0, 0, 0, 1
ISR3GBW3,101, 0, 1, 0, 0, 0, 1
S15ZIHW3,101, 0, 1, 0, 0, 0, 1
8I2FYSW3,101, 0, 1, 0, 0, 0, 1
OSOSDIX3,101, 0, 1, 0, 0, 0, 1
15YQ9WX3,101, 0, 1, 0, 0, 0, 1
XLBB3GY3,101, 0, 1, 0, 0, 0, 1
IGXEGNY3,101, 0, 1, 0, 0, 0, 1
OYSYYSY3,101, 0, 1, 0, 0, 0, 1
DL5JMEZ3,101, 0, 1, 0, 0, 0, 1
A6JY9PZ3,101, 0, 1, 0, 0, 0, 1
HF9E7QZ3,101, 0, 1, 0, 0, 0, 1
ZVJ2JTZ3,101, 0, 1, 0, 0, 0, 1
WZCHGE14,101, 0, 1, 0, 0, 0, 1
1K7Y5I14,101, 0, 1, 0, 0, 0, 1
N5B9O224,101, 0, 1, 0, 0, 0, 1
LCJGX524,101, 0, 1, 0, 0, 0, 1
XR4URA24,102, 1, 1, 0, 0, 0, 1
7154UP24,101, 0, 1, 0, 0, 0, 1
GG2I5V24,103, 2, 1, 0, 0, 0, 1
5IGZQ134,101, 0, 1, 0, 0, 0, 1
V2Z17G34,101, 0, 1, 0, 0, 0, 1
RVQQHP34,102, 1, 1, 0, 0, 0, 1
JIHGKU34,101, 0, 1, 0, 0, 0, 1
JGJB1V34,101, 0, 1, 0, 0, 0, 1
TYTQ5744,101, 0, 1, 0, 0, 0, 1
EF7MUI44,101, 0, 1, 0, 0, 0, 1
KPEM1U54,101, 0, 1, 0, 0, 0, 1
OGKTYT54,101, 0, 1, 0, 0, 0, 1
QIRHMD74,101, 0, 1, 0, 0, 0, 1
J1694P74,101, 0, 1, 0, 0, 0, 1
XAXGZ584,101, 0, 1, 0, 0, 0, 1
QJ8EH394,101, 0, 1, 0, 0, 0, 1
1ASKE894,101, 0, 1, 0, 0, 0, 1
RQBOD994,102, 1, 1, 0, 0, 0, 1
7HSM8G94,101, 0, 1, 0, 0, 0, 1
SXUI9V94,101, 0, 1, 0, 0, 0, 1
TE2T24A4,102, 1, 1, 0, 0, 0, 1
W27AA7A4,101, 0, 1, 0, 0, 0, 1
EGZMZGB4,101, 0, 1, 0, 0, 0, 1
IO7XCLD4,101, 0, 1, 0, 0, 0, 1
8U4ROLE4,101, 0, 1, 0, 0, 0, 1
KSXMGLF4,101, 0, 1, 0, 0, 0, 1
OLKKTTF4,101, 0, 1, 0, 0, 0, 1
7BLEDXF4,101, 0, 1, 0, 0, 0, 1
3A3H43G4,101, 0, 1, 0, 0, 0, 1
9FP9LJG4,101, 0, 1, 0, 0, 0, 1
8TZTUQG4,101, 0, 1, 0, 0, 0, 1
6E68IYG4,101, 0, 1, 0, 0, 0, 1
2P8U2ZG4,101, 0, 1, 0, 0, 0, 1
TW2TUWH4,101, 0, 1, 0, 0, 0, 1
1WDEM2I4,101, 0, 1, 0, 0, 0, 1
C81UMBI4,101, 0, 1, 0, 0, 0, 1
OI26HJI4,101, 0, 1, 0, 0, 0, 1
XCZBE7K4,101, 0, 1, 0, 0, 0, 1
BMOQ2PK4,101, 0, 1, 0, 0, 0, 1
SNI5NSK4,101, 0, 1, 0, 0, 0, 1
3MKMITK4,102, 1, 1, 0, 0, 0, 1
FPIA6DL4,101, 0, 1, 0, 0, 0, 1
865QREL4,102, 1, 1, 0, 0, 0, 1
HY83TVM4,102, 1, 1, 0, 0, 0, 1
CJ8JOBN4,101, 0, 1, 0, 0, 0, 1
M9MCZFN4,101, 0, 1, 0, 0, 0, 1
E3HXGMO4,101, 0, 1, 0, 0, 0, 1
7O66RZO4,101, 0, 1, 0, 0, 0, 1
CLTOS3P4,101, 0, 1, 0, 0, 0, 1
W9EKS2R4,102, 1, 1, 0, 0, 0, 1
H86SQKR4,101, 0, 1, 0, 0, 0, 1
7DT5RTR4,101, 0, 1, 0, 0, 0, 1
Y8SAS8T4,101, 0, 1, 0, 0, 0, 1
AUFTPBT4,101, 0, 1, 0, 0, 0, 1
X2IUYNT4,101, 0, 1, 0, 0, 0, 1
ZFV2LVT4,101, 0, 1, 0, 0, 0, 1
KVX2H2U4,101, 0, 1, 0, 0, 0, 1
SXQ9E2U4,101, 0, 1, 0, 0, 0, 1
Y132Z5U4,101, 0, 1, 0, 0, 0, 1
2KW7J9V4,101, 0, 1, 0, 0, 0, 1
YERZQFV4,101, 0, 1, 0, 0, 0, 1
H8AZ38W4,101, 0, 1, 0, 0, 0, 1
D3YZ7DW4,101, 0, 1, 0, 0, 0, 1
2UVN2LW4,101, 0, 1, 0, 0, 0, 1
XCMDLYW4,101, 0, 1, 0, 0, 0, 1
VJANVYW4,101, 0, 1, 0, 0, 0, 1
V4PVCTX4,101, 0, 1, 0, 0, 0, 1
CWIQ4XX4,101, 0, 1, 0, 0, 0, 1
YR9I5ZX4,101, 0, 1, 0, 0, 0, 1
2JZ7ZUY4,101, 0, 1, 0, 0, 0, 1
XXEBGHZ4,102, 1, 1, 0, 0, 0, 1
RNF8YV15,102, 1, 1, 0, 0, 0, 1
OE6FL425,101, 0, 1, 0, 0, 0, 1
WWQW2445,101, 0, 1, 0, 0, 0, 1
L9TJT355,101, 0, 1, 0, 0, 0, 1
ELANSQ55,101, 0, 1, 0, 0, 0, 1
3UXIA665,101, 0, 1, 0, 0, 0, 1
4BXG8475,101, 0, 1, 0, 0, 0, 1
JSHCDF75,101, 0, 1, 0, 0, 0, 1
CQDPZK75,102, 1, 1, 0, 0, 0, 1
87QZ4O75,101, 0, 1, 0, 0, 0, 1
ITPYOO85,101, 0, 1, 0, 0, 0, 1
U3Z5QX85,101, 0, 1, 0, 0, 0, 1
98YU1Y85,102, 0, 1, 0, 0, 0, 2
FHTFVEA5,101, 0, 1, 0, 0, 0, 1
BXAVPNB5,101, 0, 1, 0, 0, 0, 1
642K5ZB5,101, 0, 1, 0, 0, 0, 1
PL8EE4C5,101, 0, 1, 0, 0, 0, 1
XOJV7BD5,101, 0, 1, 0, 0, 0, 1
1CVX2MD5,102, 1, 1, 0, 0, 0, 1
9M9873E5,102, 1, 1, 0, 0, 0, 1
PBJKJ3G5,101, 0, 1, 0, 0, 0, 1
MKOXAAG5,102, 1, 1, 0, 0, 0, 1
YCMPLLG5,101, 0, 1, 0, 0, 0, 1
CRIM1LH5,101, 0, 1, 0, 0, 0, 1
Z9IDFBI5,101, 0, 1, 0, 0, 0, 1
CMZN9FI5,101, 0, 1, 0, 0, 0, 1
74IW8GJ5,101, 0, 1, 0, 0, 0, 1
MF8UHQJ5,102, 1, 1, 0, 0, 0, 1
JJVQ26K5,101, 0, 1, 0, 0, 0, 1
ESENGIK5,101, 0, 1, 0, 0, 0, 1
MLLYYXK5,101, 0, 1, 0, 0, 0, 1
1HYDSPL5,101, 0, 1, 0, 0, 0, 1
PFWAT4M5,101, 0, 1, 0, 0, 0, 1
CVOHUYM5,101, 0, 1, 0, 0, 0, 1
PVHOZYM5,101, 0, 1, 0, 0, 0, 1
QVISLZM5,102, 1, 1, 0, 0, 0, 1
CP2VO5N5,101, 0, 1, 0, 0, 0, 1
ENS5IDN5,101, 0, 1, 0, 0, 0, 1
ZMN3JEP5,101, 0, 1, 0, 0, 0, 1
EBVJIUP5,101, 0, 1, 0, 0, 0, 1
VHMTY3Q5,101, 0, 1, 0, 0, 0, 1
3O55IWQ5,101, 0, 1, 0, 0, 0, 1
2H2E9YQ5,101, 0, 1, 0, 0, 0, 1
EUICFHR5,101, 0, 1, 0, 0, 0, 1
U5CM53S5,101, 0, 1, 0, 0, 0, 1
QIZVF5S5,101, 0, 1, 0, 0, 0, 1
7BNMRES5,101, 0, 1, 0, 0, 0, 1
JH3JQGS5,101, 0, 1, 0, 0, 0, 1
3ITVD8T5,101, 0, 1, 0, 0, 0, 1
WCA1WAT5,101, 0, 1, 0, 0, 0, 1
BL21FHT5,101, 0, 1, 0, 0, 0, 1
YXBQWNV5,101, 0, 1, 0, 0, 0, 1
XHUBBUV5,101, 0, 1, 0, 0, 0, 1
8KHT52W5,102, 1, 1, 0, 0, 0, 1
5FC6NIW5,101, 0, 1, 0, 0, 0, 1
ZJJCA1X5,101, 0, 1, 0, 0, 0, 1
CDJ6O2Y5,101, 0, 1, 0, 0, 0, 1
1M6UE8Y5,102, 1, 1, 0, 0, 0, 1
QPZFXPY5,102, 1, 1, 0, 0, 0, 1
NDFU5B16,101, 0, 1, 0, 0, 0, 1
ZP7HZV16,101, 0, 1, 0, 0, 0, 1
IQKAW426,101, 0, 1, 0, 0, 0, 1
8KSPF736,101, 0, 1, 0, 0, 0, 1
NAWWTN46,101, 0, 1, 0, 0, 0, 1
56KK9956,101, 0, 1, 0, 0, 0, 1
NDMDJS66,102, 1, 1, 0, 0, 0, 1
XVK9P576,101, 0, 1, 0, 0, 0, 1
97RWLK76,101, 0, 1, 0, 0, 0, 1
R9IKSZ76,101, 0, 1, 0, 0, 0, 1
8SGLY686,101, 0, 1, 0, 0, 0, 1
T6WNHA86,101, 0, 1, 0, 0, 0, 1
OQ3YQS86,102, 0, 1, 0, 0, 0, 2
9S6I1U96,102, 1, 1, 0, 0, 0, 1
Z9WHYV96,101, 0, 1, 0, 0, 0, 1
CLM5CX96,101, 0, 1, 0, 0, 0, 1
XJC9R5A6,101, 0, 1, 0, 0, 0, 1
VP58NDA6,103, 2, 1, 0, 0, 0, 1
NZLGCMD6,101, 0, 1, 0, 0, 0, 1
GHGCZQD6,101, 0, 1, 0, 0, 0, 1
EM7OKCE6,101, 0, 1, 0, 0, 0, 1
3ZQ5NNE6,101, 0, 1, 0, 0, 0, 1
F4D7WQE6,101, 0, 1, 0, 0, 0, 1
7FS2Y3G6,101, 0, 1, 0, 0, 0, 1
73NP9CG6,102, 1, 1, 0, 0, 0, 1
4O5QPLG6,101, 0, 1, 0, 0, 0, 1
BLPVOTG6,101, 0, 1, 0, 0, 0, 1
GAFJKCH6,101, 0, 1, 0, 0, 0, 1
4P3W2RH6,101, 0, 1, 0, 0, 0, 1
KCBXQWH6,101, 0, 1, 0, 0, 0, 1
QK7KCCJ6,101, 0, 1, 0, 0, 0, 1
3PBPLCJ6,101, 0, 1, 0, 0, 0, 1
9MD36WJ6,101, 0, 1, 0, 0, 0, 1
IZ4M99K6,101, 0, 1, 0, 0, 0, 1
B1AIFTK6,101, 0, 1, 0, 0, 0, 1
V5FNRTK6,101, 0, 1, 0, 0, 0, 1
15LWC8L6,101, 0, 1, 0, 0, 0, 1
DM9DKRL6,101, 0, 1, 0, 0, 0, 1
9T3X7YL6,102, 1, 1, 0, 0, 0, 1
N5TEOXM6,101, 0, 1, 0, 0, 0, 1
B292NON6,101, 0, 1, 0, 0, 0, 1
S8AIQXN6,101, 0, 1, 0, 0, 0, 1
J4GFLDO6,101, 0, 1, 0, 0, 0, 1
N4OKFGO6,101, 0, 1, 0, 0, 0, 1
XBY4JXO6,102, 0, 1, 0, 0, 0, 2
XABQHOQ6,101, 0, 1, 0, 0, 0, 1
QRE6LYQ6,101, 0, 1, 0, 0, 0, 1
XCLQKFR6,101, 0, 1, 0, 0, 0, 1
B5W3DJR6,101, 0, 1, 0, 0, 0, 1
LDKX9MR6,101, 0, 1, 0, 0, 0, 1
Z89MTHS6,101, 0, 1, 0, 0, 0, 1
N3KIGMS6,101, 0, 1, 0, 0, 0, 1
VZUPSSS6,101, 0, 1, 0, 0, 0, 1
DCSQ4TS6,101, 0, 1, 0, 0, 0, 1
SYRLVBT6,101, 0, 1, 0, 0, 0, 1
F7SXGST6,101, 0, 1, 0, 0, 0, 1
O5ODXST6,101, 0, 1, 0, 0, 0, 1
JNI3ROU6,101, 0, 1, 0, 0, 0, 1
SD4THXU6,102, 1, 1, 0, 0, 0, 1
HFUVB8V6,101, 0, 1, 0, 0, 0, 1
SC9RYBV6,101, 0, 1, 0, 0, 0, 1
1GC5IMV6,101, 0, 1, 0, 0, 0, 1
KFCYZYV6,101, 0, 1, 0, 0, 0, 1
4ROYMDW6,101, 0, 1, 0, 0, 0, 1
2M9MQCX6,102, 1, 1, 0, 0, 0, 1
CIH6LSX6,101, 0, 1, 0, 0, 0, 1
8DT178Y6,102, 0, 1, 0, 0, 0, 2
6Y7DVRY6,101, 0, 1, 0, 0, 0, 1
AKCQIEZ6,101, 0, 1, 0, 0, 0, 1
BCTNDPZ6,101, 0, 1, 0, 0, 0, 1
31Q7PC17,101, 0, 1, 0, 0, 0, 1
5EBXMN17,101, 0, 1, 0, 0, 0, 1
7PD9BP17,101, 0, 1, 0, 0, 0, 1
CUUQ6Q17,101, 0, 1, 0, 0, 0, 1
2Z8R5827,101, 0, 1, 0, 0, 0, 1
B6RLHE27,101, 0, 1, 0, 0, 0, 1
STV7K737,101, 0, 1, 0, 0, 0, 1
PZ9NWG37,102, 1, 1, 0, 0, 0, 1
LKWMCI37,101, 0, 1, 0, 0, 0, 1
3IM52U37,101, 0, 1, 0, 0, 0, 1
C56ZZT37,101, 0, 1, 0, 0, 0, 1
XMDFZI47,101, 0, 1, 0, 0, 0, 1
YJIQ8Z47,101, 0, 1, 0, 0, 0, 1
O8DOGJ57,101, 0, 1, 0, 0, 0, 1
YKY96Q57,101, 0, 1, 0, 0, 0, 1
FAQ64J77,103, 2, 1, 0, 0, 0, 1
969TIM77,101, 0, 1, 0, 0, 0, 1
412VZQ77,101, 0, 1, 0, 0, 0, 1
1GO4UT77,101, 0, 1, 0, 0, 0, 1
Z8U2GW77,101, 0, 1, 0, 0, 0, 1
ADVY8E87,101, 0, 1, 0, 0, 0, 1
VCXDDD97,102, 0, 1, 0, 0, 0, 2
BROGY7A7,101, 0, 1, 0, 0, 0, 1
MYZM3IA7,101, 0, 1, 0, 0, 0, 1
II2K6IB7,102, 1, 1, 0, 0, 0, 1
RV4IQSC7,101, 0, 1, 0, 0, 0, 1
FN9SWTC7,101, 0, 1, 0, 0, 0, 1
JC6UZUD7,101, 0, 1, 0, 0, 0, 1
3KMPPXE7,103, 2, 1, 0, 0, 0, 1
9LLQI1F7,101, 0, 1, 0, 0, 0, 1
AIAPZNF7,101, 0, 1, 0, 0, 0, 1
IJ3SG8G7,101, 0, 1, 0, 0, 0, 1
HXZHGQG7,101, 0, 1, 0, 0, 0, 1
5SZAJ9H7,101, 0, 1, 0, 0, 0, 1
UK2S2FH7,101, 0, 1, 0, 0, 0, 1
T3C6N9I7,101, 0, 1, 0, 0, 0, 1
GLMQICI7,102, 1, 1, 0, 0, 0, 1
R8T3Q7J7,101, 0, 1, 0, 0, 0, 1
H1Y2PHJ7,101, 0, 1, 0, 0, 0, 1
CC3GLIJ7,101, 0, 1, 0, 0, 0, 1
F6MGQWJ7,101, 0, 1, 0, 0, 0, 1
ZBK7T4K7,101, 0, 1, 0, 0, 0, 1
TB94EWK7,101, 0, 1, 0, 0, 0, 1
WKFAFCL7,101, 0, 1, 0, 0, 0, 1
PD5Q4ZL7,101, 0, 1, 0, 0, 0, 1
FLFLYDM7,101, 0, 1, 0, 0, 0, 1
KKZ4AFM7,101, 0, 1, 0, 0, 0, 1
QTZQKIM7,101, 0, 1, 0, 0, 0, 1
XS5KIOM7,101, 0, 1, 0, 0, 0, 1
5RSIUDN7,101, 0, 1, 0, 0, 0, 1
B2YO1ON7,101, 0, 1, 0, 0, 0, 1
9AE2FLP7,101, 0, 1, 0, 0, 0, 1
4E12CKT7,101, 0, 1, 0, 0, 0, 1
6L2CIRT7,101, 0, 1, 0, 0, 0, 1
R9RJRUU7,101, 0, 1, 0, 0, 0, 1
3UEX58V7,101, 0, 1, 0, 0, 0, 1
1E2CJTV7,101, 0, 1, 0, 0, 0, 1
2AV6UTV7,101, 0, 1, 0, 0, 0, 1
PKI852W7,101, 0, 1, 0, 0, 0, 1
3UXV8NW7,101, 0, 1, 0, 0, 0, 1
SJFS2HY7,102, 1, 1, 0, 0, 0, 1
OWFVCTY7,101, 0, 1, 0, 0, 0, 1
987146Z7,102, 1, 1, 0, 0, 0, 1
IWPB2QZ7,101, 0, 1, 0, 0, 0, 1
P395W818,101, 0, 1, 0, 0, 0, 1
BOMQ6918,101, 0, 1, 0, 0, 0, 1
57C3XC18,101, 0, 1, 0, 0, 0, 1
84VS4N28,101, 0, 1, 0, 0, 0, 1
GBQK8438,101, 0, 1, 0, 0, 0, 1
I5GPP538,101, 0, 1, 0, 0, 0, 1
G55IM938,101, 0, 1, 0, 0, 0, 1
2MYJ4P38,101, 0, 1, 0, 0, 0, 1
QJP8NZ38,101, 0, 1, 0, 0, 0, 1
W5DFRZ38,101, 0, 1, 0, 0, 0, 1
4PWU8358,101, 0, 1, 0, 0, 0, 1
BQQEEM58,101, 0, 1, 0, 0, 0, 1
X5VZUY58,101, 0, 1, 0, 0, 0, 1
ML4VD568,101, 0, 1, 0, 0, 0, 1
XU2LWQ68,101, 0, 1, 0, 0, 0, 1
VLOZEV68,101, 0, 1, 0, 0, 0, 1
IBRNVL78,101, 0, 1, 0, 0, 0, 1
JA5T3V78,101, 0, 1, 0, 0, 0, 1
25W85488,101, 0, 1, 0, 0, 0, 1
ZJGB1888,102, 1, 1, 0, 0, 0, 1
VIAZ5U88,101, 0, 1, 0, 0, 0, 1
ATPCU298,101, 0, 1, 0, 0, 0, 1
TDWYI398,101, 0, 1, 0, 0, 0, 1
PGOA22A8,102, 1, 1, 0, 0, 0, 1
ZT6BG8A8,101, 0, 1, 0, 0, 0, 1
BLX6VAB8,101, 0, 1, 0, 0, 0, 1
TMNLIMB8,102, 1, 1, 0, 0, 0, 1
YSGR3GC8,101, 0, 1, 0, 0, 0, 1
SWM3C1D8,101, 0, 1, 0, 0, 0, 1
Z5A2U2D8,101, 0, 1, 0, 0, 0, 1
WO41NDD8,101, 0, 1, 0, 0, 0, 1
QZHZBGD8,101, 0, 1, 0, 0, 0, 1
YCBFF2E8,101, 0, 1, 0, 0, 0, 1
WGHLE2E8,101, 0, 1, 0, 0, 0, 1
Y2IYBBE8,101, 0, 1, 0, 0, 0, 1
FFBMKJE8,101, 0, 1, 0, 0, 0, 1
C8QQJQE8,102, 1, 1, 0, 0, 0, 1
FNRC81F8,101, 0, 1, 0, 0, 0, 1
HGMAJ4F8,101, 0, 1, 0, 0, 0, 1
TQIHL6F8,101, 0, 1, 0, 0, 0, 1
XX5TIEF8,101, 0, 1, 0, 0, 0, 1
HIA5DKF8,101, 0, 1, 0, 0, 0, 1
1A1FVWF8,102, 1, 1, 0, 0, 0, 1
4HREQ4G8,101, 0, 1, 0, 0, 0, 1
5MXVVBG8,101, 0, 1, 0, 0, 0, 1
YCGPLIH8,101, 0, 1, 0, 0, 0, 1
KP39ZQH8,101, 0, 1, 0, 0, 0, 1
R7JYFRH8,101, 0, 1, 0, 0, 0, 1
AOOHNMI8,101, 0, 1, 0, 0, 0, 1
1XEOZOJ8,101, 0, 1, 0, 0, 0, 1
KEFRGCL8,101, 0, 1, 0, 0, 0, 1
A637WCL8,101, 0, 1, 0, 0, 0, 1
78X4MNL8,101, 0, 1, 0, 0, 0, 1
YLPUQHM8,101, 0, 1, 0, 0, 0, 1
EMID6SO8,101, 0, 1, 0, 0, 0, 1
W7E3ITO8,101, 0, 1, 0, 0, 0, 1
RZ71SRP8,101, 0, 1, 0, 0, 0, 1
RD9549Q8,101, 0, 1, 0, 0, 0, 1
D82D8OR8,101, 0, 1, 0, 0, 0, 1
3YQ4E8S8,101, 0, 1, 0, 0, 0, 1
1YP9OQT8,101, 0, 1, 0, 0, 0, 1
V8GKOWT8,101, 0, 1, 0, 0, 0, 1
LZSTPKU8,101, 0, 1, 0, 0, 0, 1
DB7OE3V8,101, 0, 1, 0, 0, 0, 1
TA6GUKV8,101, 0, 1, 0, 0, 0, 1
S1JD9VV8,101, 0, 1, 0, 0, 0, 1
SG9ERZV8,101, 0, 1, 0, 0, 0, 1
DVKTBXW8,102, 1, 1, 0, 0, 0, 1
RSBLN4X8,101, 0, 1, 0, 0, 0, 1
5GNKR4X8,101, 0, 1, 0, 0, 0, 1
7WHANBX8,101, 0, 1, 0, 0, 0, 1
6E74YPX8,101, 0, 1, 0, 0, 0, 1
PIOIBSY8,101, 0, 1, 0, 0, 0, 1
J24QTXY8,101, 0, 1, 0, 0, 0, 1
3YXM7GZ8,101, 0, 1, 0, 0, 0, 1
51V55PZ8,101, 0, 1, 0, 0, 0, 1
HX7PI719,101, 0, 1, 0, 0, 0, 1
E87DIL19,101, 0, 1, 0, 0, 0, 1
VZ8VCN19,101, 0, 1, 0, 0, 0, 1
MWOXEU19,101, 0, 1, 0, 0, 0, 1
DHHGR429,101, 0, 1, 0, 0, 0, 1
JUFQX629,101, 0, 1, 0, 0, 0, 1
YFI3BK29,101, 0, 1, 0, 0, 0, 1
8KKQSM39,102, 1, 1, 0, 0, 0, 1
CP6OQL49,101, 0, 1, 0, 0, 0, 1
WHKPGZ49,101, 0, 1, 0, 0, 0, 1
DM5IO859,102, 1, 1, 0, 0, 0, 1
H448EY69,101, 0, 1, 0, 0, 0, 1
8S1KKC79,101, 0, 1, 0, 0, 0, 1
V8V19H79,101, 0, 1, 0, 0, 0, 1
NS7V8P79,101, 0, 1, 0, 0, 0, 1
S39TYW79,101, 0, 1, 0, 0, 0, 1
4M8X2Y79,101, 0, 1, 0, 0, 0, 1
6S62IC89,101, 0, 1, 0, 0, 0, 1
136WRJ89,101, 0, 1, 0, 0, 0, 1
WX123C99,101, 0, 1, 0, 0, 0, 1
ZHSW9T99,101, 0, 1, 0, 0, 0, 1
766QST99,101, 0, 1, 0, 0, 0, 1
OD6FOEA9,101, 0, 1, 0, 0, 0, 1
6ZX6AOA9,101, 0, 1, 0, 0, 0, 1
U9VCRMB9,101, 0, 1, 0, 0, 0, 1
2PP1DVB9,101, 0, 1, 0, 0, 0, 1
3VSANVB9,101, 0, 1, 0, 0, 0, 1
Y1YW21C9,101, 0, 1, 0, 0, 0, 1
OWET13C9,101, 0, 1, 0, 0, 0, 1
HJWTJ5C9,101, 0, 1, 0, 0, 0, 1
3JV27XC9,102, 1, 1, 0, 0, 0, 1
KT9RWND9,102, 0, 1, 0, 0, 0, 2
OKJPKWE9,101, 0, 1, 0, 0, 0, 1
LMWAPOF9,101, 0, 1, 0, 0, 0, 1
Q5QC4GG9,102, 1, 1, 0, 0, 0, 1
IMXMCGH9,101, 0, 1, 0, 0, 0, 1
XW6PMHH9,101, 0, 1, 0, 0, 0, 1
B2ZBZCI9,101, 0, 1, 0, 0, 0, 1
4MMYXWK9,101, 0, 1, 0, 0, 0, 1
NLZJH2L9,101, 0, 1, 0, 0, 0, 1
EZRJ3CM9,101, 0, 1, 0, 0, 0, 1
Y4ACKRM9,101, 0, 1, 0, 0, 0, 1
YSG6TSM9,101, 0, 1, 0, 0, 0, 1
DAXR4JN9,101, 0, 1, 0, 0, 0, 1
SPIWYNN9,102, 1, 1, 0, 0, 0, 1
IYDDKVN9,101, 0, 1, 0, 0, 0, 1
ZNA2CXN9,101, 0, 1, 0, 0, 0, 1
OFTY45O9,101, 0, 1, 0, 0, 0, 1
5KDPQ7O9,101, 0, 1, 0, 0, 0, 1
A5ZZXKO9,101, 0, 1, 0, 0, 0, 1
TPE41JP9,101, 0, 1, 0, 0, 0, 1
TSF2FEQ9,101, 0, 1, 0, 0, 0, 1
RP4ZELQ9,102, 1, 1, 0, 0, 0, 1
TXLXBOQ9,101, 0, 1, 0, 0, 0, 1
P4AG3PQ9,101, 0, 1, 0, 0, 0, 1
3K1KQPQ9,102, 1, 1, 0, 0, 0, 1
6F3KG3R9,101, 0, 1, 0, 0, 0, 1
KVLKDGR9,102, 1, 1, 0, 0, 0, 1
VOFEIXR9,101, 0, 1, 0, 0, 0, 1
SUQECDT9,101, 0, 1, 0, 0, 0, 1
RXN6QVT9,101, 0, 1, 0, 0, 0, 1
O7LNB5V9,101, 0, 1, 0, 0, 0, 1
SDM7ICV9,101, 0, 1, 0, 0, 0, 1
PPQG1VV9,101, 0, 1, 0, 0, 0, 1
YQ7LCWV9,101, 0, 1, 0, 0, 0, 1
OTNBVHW9,101, 0, 1, 0, 0, 0, 1
N866BTW9,101, 0, 1, 0, 0, 0, 1
KL21IUW9,101, 0, 1, 0, 0, 0, 1
FK932DX9,101, 0, 1, 0, 0, 0, 1
A7ORGFX9,101, 0, 1, 0, 0, 0, 1
LW1HHIX9,101, 0, 1, 0, 0, 0, 1
J5ERX5Y9,102, 1, 1, 0, 0, 0, 1
5KS17EY9,101, 0, 1, 0, 0, 0, 1
H9DBP8Z9,102, 0, 1, 0, 0, 0, 2
GBQ4UOZ9,101, 0, 1, 0, 0, 0, 1
QWAOX31A,101, 0, 1, 0, 0, 0, 1
ZWPJJX1A,103, 2, 1, 0, 0, 0, 1
VWC9QJ2A,101, 0, 1, 0, 0, 0, 1
HMVHBS2A,101, 0, 1, 0, 0, 0, 1
3IWXZ33A,101, 0, 1, 0, 0, 0, 1
2J27373A,101, 0, 1, 0, 0, 0, 1
QHHRJS4A,101, 0, 1, 0, 0, 0, 1
PNN1CH5A,101, 0, 1, 0, 0, 0, 1
U4T5KZ5A,101, 0, 1, 0, 0, 0, 1
K42FKE6A,101, 0, 1, 0, 0, 0, 1
MD4S7U7A,101, 0, 1, 0, 0, 0, 1
R5BN938A,101, 0, 1, 0, 0, 0, 1
E3E8F58A,101, 0, 1, 0, 0, 0, 1
F8HB3D8A,101, 0, 1, 0, 0, 0, 1
4MNE9Y8A,101, 0, 1, 0, 0, 0, 1
SDKBOK9A,101, 0, 1, 0, 0, 0, 1
V7CXJ8BA,101, 0, 1, 0, 0, 0, 1
515EUMBA,101, 0, 1, 0, 0, 0, 1
1ANAQXBA,101, 0, 1, 0, 0, 0, 1
NTFEIWCA,102, 1, 1, 0, 0, 0, 1
FK8UXHDA,101, 0, 1, 0, 0, 0, 1
CQH2AXDA,101, 0, 1, 0, 0, 0, 1
E6GQEYDA,101, 0, 1, 0, 0, 0, 1
BABZE3EA,101, 0, 1, 0, 0, 0, 1
U139PKEA,102, 1, 1, 0, 0, 0, 1
MXVZK1FA,101, 0, 1, 0, 0, 0, 1
B8TIO2FA,101, 0, 1, 0, 0, 0, 1
YALCKWFA,101, 0, 1, 0, 0, 0, 1
843ZSDGA,101, 0, 1, 0, 0, 0, 1
S94I2AIA,101, 0, 1, 0, 0, 0, 1
Z5UKEBIA,101, 0, 1, 0, 0, 0, 1
BHEQ7KIA,101, 0, 1, 0, 0, 0, 1
FROBN7JA,101, 0, 1, 0, 0, 0, 1
O7T9TZKA,101, 0, 1, 0, 0, 0, 1
7FM1F9LA,101, 0, 1, 0, 0, 0, 1
MSGYYTLA,101, 0, 1, 0, 0, 0, 1
3BYH8ZLA,101, 0, 1, 0, 0, 0, 1
XJ69CSMA,102, 1, 1, 0, 0, 0, 1
A8XTMUNA,103, 2, 1, 0, 0, 0, 1
VOPVMAOA,101, 0, 1, 0, 0, 0, 1
U5IZBLPA,101, 0, 1, 0, 0, 0, 1
BIH4XPPA,101, 0, 1, 0, 0, 0, 1
QM8YNVPA,102, 1, 1, 0, 0, 0, 1
WZE5D6QA,101, 0, 1, 0, 0, 0, 1
QUB8VZQA,101, 0, 1, 0, 0, 0, 1
5RLLWORA,101, 0, 1, 0, 0, 0, 1
DLC8TTRA,101, 0, 1, 0, 0, 0, 1
HKWQ4YRA,101, 0, 1, 0, 0, 0, 1
LB68GASA,101, 0, 1, 0, 0, 0, 1
G2C9MDSA,101, 0, 1, 0, 0, 0, 1
TF822JSA,101, 0, 1, 0, 0, 0, 1
KHO32RSA,102, 1, 1, 0, 0, 0, 1
39KUHRSA,101, 0, 1, 0, 0, 0, 1
K2W5WBTA,101, 0, 1, 0, 0, 0, 1
1R2ANQTA,101, 0, 1, 0, 0, 0, 1
JI14FRTA,101, 0, 1, 0, 0, 0, 1
Q213UNUA,101, 0, 1, 0, 0, 0, 1
XJ84MEVA,101, 0, 1, 0, 0, 0, 1
3DS6FAWA,101, 0, 1, 0, 0, 0, 1
ZMIAHDWA,101, 0, 1, 0, 0, 0, 1
HVN39RWA,101, 0, 1, 0, 0, 0, 1
QRFXTCXA,101, 0, 1, 0, 0, 0, 1
ZTSYBLXA,101, 0, 1, 0, 0, 0, 1
QQYQ5MXA,101, 0, 1, 0, 0, 0, 1
7G8HU7YA,101, 0, 1, 0, 0, 0, 1
LQGGR8YA,101, 0, 1, 0, 0, 0, 1
WJM4UBYA,101, 0, 1, 0, 0, 0, 1
LWGZSDYA,101, 0, 1, 0, 0, 0, 1
BWERAHYA,102, 1, 1, 0, 0, 0, 1
BXKD7TYA,101, 0, 1, 0, 0, 0, 1
ESHQIEZA,101, 0, 1, 0, 0, 0, 1
TZKMEQZA,101, 0, 1, 0, 0, 0, 1
ZOIYISZA,102, 1, 1, 0, 0, 0, 1
PGR21XZA,101, 0, 1, 0, 0, 0, 1
TTIWTG1B,101, 0, 1, 0, 0, 0, 1
ILRJAI1B,101, 0, 1, 0, 0, 0, 1
9XB6KJ1B,101, 0, 1, 0, 0, 0, 1
GAMLM12B,101, 0, 1, 0, 0, 0, 1
2OLGO22B,102, 1, 1, 0, 0, 0, 1
JQT9582B,101, 0, 1, 0, 0, 0, 1
WUFDI23B,101, 0, 1, 0, 0, 0, 1
C9Z1G63B,101, 0, 1, 0, 0, 0, 1
7JFAV63B,101, 0, 1, 0, 0, 0, 1
4H9K473B,101, 0, 1, 0, 0, 0, 1
7V9GMB3B,101, 0, 1, 0, 0, 0, 1
Z1ZHYE3B,101, 0, 1, 0, 0, 0, 1
BENLV24B,101, 0, 1, 0, 0, 0, 1
D7KEX64B,101, 0, 1, 0, 0, 0, 1
4SJJ7U6B,101, 0, 1, 0, 0, 0, 1
Q1IXLQ8B,101, 0, 1, 0, 0, 0, 1
CH23ZD9B,102, 0, 1, 0, 0, 0, 2
1O5MFN9B,101, 0, 1, 0, 0, 0, 1
PZF98TAB,101, 0, 1, 0, 0, 0, 1
EOL13YAB,101, 0, 1, 0, 0, 0, 1
AVVPPYAB,101, 0, 1, 0, 0, 0, 1
WW44Z2BB,101, 0, 1, 0, 0, 0, 1
XBXVDIBB,101, 0, 1, 0, 0, 0, 1
BO5R5DCB,101, 0, 1, 0, 0, 0, 1
XSKOQGCB,101, 0, 1, 0, 0, 0, 1
GESPKYCB,101, 0, 1, 0, 0, 0, 1
FRSPU8DB,101, 0, 1, 0, 0, 0, 1
KOHDCYDB,101, 0, 1, 0, 0, 0, 1
BEUDFEEB,101, 0, 1, 0, 0, 0, 1
RBGF8NEB,101, 0, 1, 0, 0, 0, 1
VK3QQWEB,102, 1, 1, 0, 0, 0, 1
XJI522FB,101, 0, 1, 0, 0, 0, 1
YTFFCMFB,102, 1, 1, 0, 0, 0, 1
596TFTFB,101, 0, 1, 0, 0, 0, 1
8TFEZCGB,101, 0, 1, 0, 0, 0, 1
ZLOV3OGB,101, 0, 1, 0, 0, 0, 1
NLM8XOGB,101, 0, 1, 0, 0, 0, 1
Z3DHQXGB,102, 0, 1, 0, 0, 0, 2
LMKQT3HB,101, 0, 1, 0, 0, 0, 1
VINCPJHB,101, 0, 1, 0, 0, 0, 1
A5RQ2MHB,101, 0, 1, 0, 0, 0, 1
UKY6XSHB,101, 0, 1, 0, 0, 0, 1
ZOC1KUHB,102, 1, 1, 0, 0, 0, 1
Z1BIS1IB,101, 0, 1, 0, 0, 0, 1
7NFGL9IB,101, 0, 1, 0, 0, 0, 1
DL89F8JB,101, 0, 1, 0, 0, 0, 1
WVSN9CJB,101, 0, 1, 0, 0, 0, 1
XLSH2DJB,102, 1, 1, 0, 0, 0, 1
PXV726LB,101, 0, 1, 0, 0, 0, 1
NM2IDAMB,101, 0, 1, 0, 0, 0, 1
6UIKFFMB,102, 1, 1, 0, 0, 0, 1
3WB2YPMB,101, 0, 1, 0, 0, 0, 1
51N91HNB,101, 0, 1, 0, 0, 0, 1
6AH9A3OB,101, 0, 1, 0, 0, 0, 1
ZI7AG3OB,101, 0, 1, 0, 0, 0, 1
VVLGUEPB,102, 0, 1, 0, 0, 0, 2
FIF1J9QB,101, 0, 1, 0, 0, 0, 1
3IO1H2RB,101, 0, 1, 0, 0, 0, 1
X4QNR9RB,101, 0, 1, 0, 0, 0, 1
DDMP2ARB,102, 1, 1, 0, 0, 0, 1
CV9QPBRB,101, 0, 1, 0, 0, 0, 1
7GBAJGRB,101, 0, 1, 0, 0, 0, 1
OJAWJIRB,102, 1, 1, 0, 0, 0, 1
KKY7GJRB,101, 0, 1, 0, 0, 0, 1
R9A6OURB,101, 0, 1, 0, 0, 0, 1
CKUAY1SB,101, 0, 1, 0, 0, 0, 1
5HGVISSB,101, 0, 1, 0, 0, 0, 1
BIPSCTSB,101, 0, 1, 0, 0, 0, 1
3CPL1RTB,101, 0, 1, 0, 0, 0, 1
M84MO9UB,101, 0, 1, 0, 0, 0, 1
3WAUYJUB,101, 0, 1, 0, 0, 0, 1
DO6BAUUB,102, 0, 1, 0, 0, 0, 2
4UWKC1VB,102, 1, 1, 0, 0, 0, 1
27D752VB,101, 0, 1, 0, 0, 0, 1
DDKCJ8VB,101, 0, 1, 0, 0, 0, 1
K3NTUGVB,101, 0, 1, 0, 0, 0, 1
BDA7FKVB,101, 0, 1, 0, 0, 0, 1
E8BVPOVB,101, 0, 1, 0, 0, 0, 1
IHIXAYVB,101, 0, 1, 0, 0, 0, 1
BALP9MWB,101, 0, 1, 0, 0, 0, 1
SLGRNOWB,101, 0, 1, 0, 0, 0, 1
JVI6OTWB,101, 0, 1, 0, 0, 0, 1
XHOTT2XB,101, 0, 1, 0, 0, 0, 1
EOWBC8XB,102, 0, 1, 0, 0, 0, 2
X8N21EXB,102, 1, 1, 0, 0, 0, 1
6K48DXXB,101, 0, 1, 0, 0, 0, 1
QDVMEXXB,101, 0, 1, 0, 0, 0, 1
3N2KYAYB,101, 0, 1, 0, 0, 0, 1
8JBF3HYB,101, 0, 1, 0, 0, 0, 1
NLZ4UYYB,101, 0, 1, 0, 0, 0, 1
3XDA95ZB,101, 0, 1, 0, 0, 0, 1
PNLWVIZB,101, 0, 1, 0, 0, 0, 1
RAI3HMZB,101, 0, 1, 0, 0, 0, 1
FU5WJSZB,102, 1, 1, 0, 0, 0, 1
GFV5X31C,101, 0, 1, 0, 0, 0, 1
75TCWR1C,101, 0, 1, 0, 0, 0, 1
3W8KIB2C,101, 0, 1, 0, 0, 0, 1
9ZQNPV2C,101, 0, 1, 0, 0, 0, 1
I955EX2C,101, 0, 1, 0, 0, 0, 1
P6XQFH3C,101, 0, 1, 0, 0, 0, 1
3WB72W3C,101, 0, 1, 0, 0, 0, 1
FPL1ZZ4C,101, 0, 1, 0, 0, 0, 1
QCU9CJ5C,101, 0, 1, 0, 0, 0, 1
WMD77K5C,101, 0, 1, 0, 0, 0, 1
ODICER5C,101, 0, 1, 0, 0, 0, 1
VS7LEM6C,101, 0, 1, 0, 0, 0, 1
BM5A8X6C,101, 0, 1, 0, 0, 0, 1
75KTC67C,101, 0, 1, 0, 0, 0, 1
PD5C4P7C,101, 0, 1, 0, 0, 0, 1
ZPGMM28C,101, 0, 1, 0, 0, 0, 1
5961U68C,101, 0, 1, 0, 0, 0, 1
S6HZZH8C,101, 0, 1, 0, 0, 0, 1
58XYRR9C,101, 0, 1, 0, 0, 0, 1
CPQHOY9C,101, 0, 1, 0, 0, 0, 1
EUZT7NAC,101, 0, 1, 0, 0, 0, 1
6JISAPAC,101, 0, 1, 0, 0, 0, 1
QQW9KUAC,101, 0, 1, 0, 0, 0, 1
VW4C7GBC,101, 0, 1, 0, 0, 0, 1
TZ5LPOBC,101, 0, 1, 0, 0, 0, 1
YJN5MTBC,101, 0, 1, 0, 0, 0, 1
UOKHI5CC,101, 0, 1, 0, 0, 0, 1
ZGKYBACC,101, 0, 1, 0, 0, 0, 1
8JYDKDCC,101, 0, 1, 0, 0, 0, 1
6UWH7GCC,102, 1, 1, 0, 0, 0, 1
UBMNHRCC,101, 0, 1, 0, 0, 0, 1
1YI6MZCC,101, 0, 1, 0, 0, 0, 1
NDPU7BDC,101, 0, 1, 0, 0, 0, 1
WXKTFXDC,101, 0, 1, 0, 0, 0, 1
ARKBGKEC,101, 0, 1, 0, 0, 0, 1
ZNEHFTEC,101, 0, 1, 0, 0, 0, 1
7C3W5QFC,101, 0, 1, 0, 0, 0, 1
VTVV8BGC,101, 0, 1, 0, 0, 0, 1
AFIZLYGC,101, 0, 1, 0, 0, 0, 1
N6HWSZGC,101, 0, 1, 0, 0, 0, 1
ZOR4YMHC,102, 1, 1, 0, 0, 0, 1
LWDII8IC,101, 0, 1, 0, 0, 0, 1
6I11CUIC,101, 0, 1, 0, 0, 0, 1
8ZPIP6JC,101, 0, 1, 0, 0, 0, 1
LP2YG6JC,101, 0, 1, 0, 0, 0, 1
NZB7SPJC,101, 0, 1, 0, 0, 0, 1
P7IUWHKC,101, 0, 1, 0, 0, 0, 1
8E6H2YKC,101, 0, 1, 0, 0, 0, 1
O5CCM3LC,101, 0, 1, 0, 0, 0, 1
JB8KP6LC,101, 0, 1, 0, 0, 0, 1
SIU7Z9MC,102, 1, 1, 0, 0, 0, 1
TYKO5HOC,101, 0, 1, 0, 0, 0, 1
STVSJIOC,101, 0, 1, 0, 0, 0, 1
TFB4VNOC,101, 0, 1, 0, 0, 0, 1
TV9AK3PC,101, 0, 1, 0, 0, 0, 1
84IMPBPC,101, 0, 1, 0, 0, 0, 1
AJBN5JPC,102, 1, 1, 0, 0, 0, 1
HBQ77MPC,101, 0, 1, 0, 0, 0, 1
UR5PZEQC,101, 0, 1, 0, 0, 0, 1
MVQF6TQC,102, 1, 1, 0, 0, 0, 1
7R9PIUQC,101, 0, 1, 0, 0, 0, 1
XH63Q6RC,102, 1, 1, 0, 0, 0, 1
QB9PZOSC,101, 0, 1, 0, 0, 0, 1
SLODWQSC,102, 1, 1, 0, 0, 0, 1
AF91SUSC,101, 0, 1, 0, 0, 0, 1
D2T2M1TC,102, 1, 1, 0, 0, 0, 1
1N4PO1TC,101, 0, 1, 0, 0, 0, 1
FVCOFWTC,101, 0, 1, 0, 0, 0, 1
DVUU8PUC,101, 0, 1, 0, 0, 0, 1
FSI5X5VC,101, 0, 1, 0, 0, 0, 1
PVOWZDVC,101, 0, 1, 0, 0, 0, 1
TV2GOIVC,101, 0, 1, 0, 0, 0, 1
NJDO22WC,101, 0, 1, 0, 0, 0, 1
F8BKSLXC,101, 0, 1, 0, 0, 0, 1
T1XSURXC,101, 0, 1, 0, 0, 0, 1
BF1OCMYC,101, 0, 1, 0, 0, 0, 1
48I4VLZC,101, 0, 1, 0, 0, 0, 1
35SEOOZC,101, 0, 1, 0, 0, 0, 1
13E87K1D,101, 0, 1, 0, 0, 0, 1
VV1YJT1D,101, 0, 1, 0, 0, 0, 1
6FRJQS2D,102, 1, 1, 0, 0, 0, 1
D812U33D,101, 0, 1, 0, 0, 0, 1
2I7KWI3D,101, 0, 1, 0, 0, 0, 1
15T5L14D,101, 0, 1, 0, 0, 0, 1
VQY8464D,101, 0, 1, 0, 0, 0, 1
9NJO1E4D,101, 0, 1, 0, 0, 0, 1
PIH4OI4D,102, 1, 1, 0, 0, 0, 1
FA6BB36D,101, 0, 1, 0, 0, 0, 1
F2TJZ76D,101, 0, 1, 0, 0, 0, 1
HDRM2V6D,101, 0, 1, 0, 0, 0, 1
X352CC8D,101, 0, 1, 0, 0, 0, 1
UKZFH19D,101, 0, 1, 0, 0, 0, 1
D9NVXA9D,101, 0, 1, 0, 0, 0, 1
6UBG5XAD,101, 0, 1, 0, 0, 0, 1
48GI73BD,103, 2, 1, 0, 0, 0, 1
T4T62RBD,101, 0, 1, 0, 0, 0, 1
AZM7RIDD,103, 2, 1, 0, 0, 0, 1
YYL9W1ED,101, 0, 1, 0, 0, 0, 1
CBOQQDED,101, 0, 1, 0, 0, 0, 1
D42ZTQFD,101, 0, 1, 0, 0, 0, 1
C7REZRFD,101, 0, 1, 0, 0, 0, 1
9D1XSAHD,101, 0, 1, 0, 0, 0, 1
6TI5CDHD,101, 0, 1, 0, 0, 0, 1
77SREFHD,101, 0, 1, 0, 0, 0, 1
E9TG6UHD,101, 0, 1, 0, 0, 0, 1
85Q856JD,101, 0, 1, 0, 0, 0, 1
ILR496KD,101, 0, 1, 0, 0, 0, 1
376G5FKD,101, 0, 1, 0, 0, 0, 1
8CGNL9LD,101, 0, 1, 0, 0, 0, 1
AL965ILD,101, 0, 1, 0, 0, 0, 1
VYDE5FMD,101, 0, 1, 0, 0, 0, 1
BZO75END,101, 0, 1, 0, 0, 0, 1
2E3BFEND,101, 0, 1, 0, 0, 0, 1
NXAINEND,101, 0, 1, 0, 0, 0, 1
SUSK4JND,101, 0, 1, 0, 0, 0, 1
LGNZ4JND,101, 0, 1, 0, 0, 0, 1
CYFDKKOD,101, 0, 1, 0, 0, 0, 1
WTVG8HQD,102, 1, 1, 0, 0, 0, 1
1Q63YHQD,101, 0, 1, 0, 0, 0, 1
QRGK32RD,102, 1, 1, 0, 0, 0, 1
UVNVU6RD,101, 0, 1, 0, 0, 0, 1
9KN9P3SD,101, 0, 1, 0, 0, 0, 1
E4ELKESD,101, 0, 1, 0, 0, 0, 1
NUIZKUSD,101, 0, 1, 0, 0, 0, 1
SU2G26UD,101, 0, 1, 0, 0, 0, 1
6Q3RG6UD,102, 0, 1, 0, 0, 0, 2
3UP2SLUD,101, 0, 1, 0, 0, 0, 1
358MRCWD,101, 0, 1, 0, 0, 0, 1
5A3DTFWD,102, 0, 1, 0, 0, 0, 2
SQREFGWD,101, 0, 1, 0, 0, 0, 1
FNHF3PWD,101, 0, 1, 0, 0, 0, 1
G6H7TQWD,101, 0, 1, 0, 0, 0, 1
AT9J8ZWD,101, 0, 1, 0, 0, 0, 1
UFDJMMXD,101, 0, 1, 0, 0, 0, 1
81YEUZXD,101, 0, 1, 0, 0, 0, 1
954T77YD,101, 0, 1, 0, 0, 0, 1
SURZD7YD,101, 0, 1, 0, 0, 0, 1
LI96S9YD,101, 0, 1, 0, 0, 0, 1
KWPAXHYD,101, 0, 1, 0, 0, 0, 1
FAZEAJYD,101, 0, 1, 0, 0, 0, 1
8MC7NWYD,101, 0, 1, 0, 0, 0, 1
C5FDEYYD,102, 1, 1, 0, 0, 0, 1
SU7B77ZD,101, 0, 1, 0, 0, 0, 1
1Z8U7AZD,102, 1, 1, 0, 0, 0, 1
F192YAZD,101, 0, 1, 0, 0, 0, 1
RSVRSKZD,101, 0, 1, 0, 0, 0, 1
EVQIBVZD,101, 0, 1, 0, 0, 0, 1
U2TRXE1E,101, 0, 1, 0, 0, 0, 1
QYHWSH1E,101, 0, 1, 0, 0, 0, 1
PHU4JJ1E,102, 1, 1, 0, 0, 0, 1
5PASZR1E,102, 1, 1, 0, 0, 0, 1
QRAVTV1E,101, 0, 1, 0, 0, 0, 1
XOBIND2E,102, 1, 1, 0, 0, 0, 1
Z33XM33E,101, 0, 1, 0, 0, 0, 1
UF1VIR3E,101, 0, 1, 0, 0, 0, 1
X622JX3E,101, 0, 1, 0, 0, 0, 1
ET93XB4E,101, 0, 1, 0, 0, 0, 1
EADJZT4E,101, 0, 1, 0, 0, 0, 1
93P1Z55E,101, 0, 1, 0, 0, 0, 1
7UXPQS6E,101, 0, 1, 0, 0, 0, 1
QMEBET6E,101, 0, 1, 0, 0, 0, 1
6KVF2Z6E,101, 0, 1, 0, 0, 0, 1
VSHGI37E,101, 0, 1, 0, 0, 0, 1
34HMFA7E,101, 0, 1, 0, 0, 0, 1
3MDHCC7E,101, 0, 1, 0, 0, 0, 1
J56SSM7E,102, 1, 1, 0, 0, 0, 1
WFADPC8E,101, 0, 1, 0, 0, 0, 1
DXV7KU8E,101, 0, 1, 0, 0, 0, 1
M8Z7B29E,101, 0, 1, 0, 0, 0, 1
N1MNMDAE,101, 0, 1, 0, 0, 0, 1
ZOBYWOAE,101, 0, 1, 0, 0, 0, 1
Q3ZHRYAE,102, 1, 1, 0, 0, 0, 1
NZI17KBE,101, 0, 1, 0, 0, 0, 1
ABMNTLBE,102, 1, 1, 0, 0, 0, 1
B5N8N7CE,101, 0, 1, 0, 0, 0, 1
EDEPIACE,101, 0, 1, 0, 0, 0, 1
32MBVOCE,101, 0, 1, 0, 0, 0, 1
HYRZ28DE,101, 0, 1, 0, 0, 0, 1
FTFSABDE,101, 0, 1, 0, 0, 0, 1
THRH1WDE,101, 0, 1, 0, 0, 0, 1
JBLZFCEE,101, 0, 1, 0, 0, 0, 1
EOGTHGEE,101, 0, 1, 0, 0, 0, 1
UPF6E2FE,101, 0, 1, 0, 0, 0, 1
LAI115GE,102, 0, 1, 0, 0, 0, 2
LZWDKOGE,101, 0, 1, 0, 0, 0, 1
EXK6UPHE,101, 0, 1, 0, 0, 0, 1
IDHIM1IE,101, 0, 1, 0, 0, 0, 1
82918NIE,101, 0, 1, 0, 0, 0, 1
KI4CVSIE,101, 0, 1, 0, 0, 0, 1
H4EKK4JE,101, 0, 1, 0, 0, 0, 1
FMH4GPJE,101, 0, 1, 0, 0, 0, 1
F7MXV5KE,101, 0, 1, 0, 0, 0, 1
TEF57IKE,101, 0, 1, 0, 0, 0, 1
7UWZ3MKE,101, 0, 1, 0, 0, 0, 1
O4BIX2LE,101, 0, 1, 0, 0, 0, 1
8MG8IDLE,101, 0, 1, 0, 0, 0, 1
5T4SFFLE,101, 0, 1, 0, 0, 0, 1
C64XSPME,101, 0, 1, 0, 0, 0, 1
9KTITZNE,101, 0, 1, 0, 0, 0, 1
F6RODMOE,101, 0, 1, 0, 0, 0, 1
XYJIAQOE,101, 0, 1, 0, 0, 0, 1
72P25BPE,101, 0, 1, 0, 0, 0, 1
TYVVVDPE,101, 0, 1, 0, 0, 0, 1
ITUBBARE,101, 0, 1, 0, 0, 0, 1
DEMNBERE,101, 0, 1, 0, 0, 0, 1
IFEWNURE,101, 0, 1, 0, 0, 0, 1
QZE5GHSE,101, 0, 1, 0, 0, 0, 1
XMGW3LSE,101, 0, 1, 0, 0, 0, 1
5GF45OTE,101, 0, 1, 0, 0, 0, 1
JW4WYXTE,101, 0, 1, 0, 0, 0, 1
MECQFEUE,101, 0, 1, 0, 0, 0, 1
GXAMALVE,101, 0, 1, 0, 0, 0, 1
CTUHYOVE,101, 0, 1, 0, 0, 0, 1
FPA3BRVE,101, 0, 1, 0, 0, 0, 1
248R73WE,101, 0, 1, 0, 0, 0, 1
2ALKZ5WE,101, 0, 1, 0, 0, 0, 1
6UWAUKWE,101, 0, 1, 0, 0, 0, 1
2WJNXRWE,101, 0, 1, 0, 0, 0, 1
S6D68VWE,101, 0, 1, 0, 0, 0, 1
7TS85EYE,101, 0, 1, 0, 0, 0, 1
XK9O6AZE,101, 0, 1, 0, 0, 0, 1
1FI5OGZE,101, 0, 1, 0, 0, 0, 1
D5E5CTZE,101, 0, 1, 0, 0, 0, 1
FR5WZXZE,101, 0, 1, 0, 0, 0, 1
6H9UO42F,101, 0, 1, 0, 0, 0, 1
73BQS52F,101, 0, 1, 0, 0, 0, 1
1YJRX53F,101, 0, 1, 0, 0, 0, 1
741FCV3F,101, 0, 1, 0, 0, 0, 1
Q888M24F,101, 0, 1, 0, 0, 0, 1
AKP7QD5F,101, 0, 1, 0, 0, 0, 1
Y3X8OO5F,101, 0, 1, 0, 0, 0, 1
SLFTBB6F,101, 0, 1, 0, 0, 0, 1
4WNGVD6F,102, 1, 1, 0, 0, 0, 1
6ESTUE6F,101, 0, 1, 0, 0, 0, 1
HNTBJG6F,101, 0, 1, 0, 0, 0, 1
CDLVSX6F,101, 0, 1, 0, 0, 0, 1
DNQ3N17F,101, 0, 1, 0, 0, 0, 1
MDYSQ87F,102, 1, 1, 0, 0, 0, 1
TVFJ448F,101, 0, 1, 0, 0, 0, 1
RIDBYL8F,101, 0, 1, 0, 0, 0, 1
FDL4WQ9F,101, 0, 1, 0, 0, 0, 1
CQQHWRAF,101, 0, 1, 0, 0, 0, 1
6BXATVAF,101, 0, 1, 0, 0, 0, 1
QDIP7CCF,101, 0, 1, 0, 0, 0, 1
VFOGJHCF,101, 0, 1, 0, 0, 0, 1
GYFPTPCF,101, 0, 1, 0, 0, 0, 1
UNMCCYCF,101, 0, 1, 0, 0, 0, 1
IOSUGYCF,101, 0, 1, 0, 0, 0, 1
ALTJO2DF,101, 0, 1, 0, 0, 0, 1
2619BDDF,102, 1, 1, 0, 0, 0, 1
F5P61VDF,101, 0, 1, 0, 0, 0, 1
7DP1XZDF,101, 0, 1, 0, 0, 0, 1
1TLSPMEF,101, 0, 1, 0, 0, 0, 1
SZO1JYFF,101, 0, 1, 0, 0, 0, 1
Q7TN64GF,101, 0, 1, 0, 0, 0, 1
F1SKJOGF,101, 0, 1, 0, 0, 0, 1
EA4SLQGF,101, 0, 1, 0, 0, 0, 1
VSVMVQGF,101, 0, 1, 0, 0, 0, 1
26FLBZGF,101, 0, 1, 0, 0, 0, 1
K932OIHF,101, 0, 1, 0, 0, 0, 1
1TPGEYHF,101, 0, 1, 0, 0, 0, 1
G5BOO2JF,101, 0, 1, 0, 0, 0, 1
61CCAFJF,101, 0, 1, 0, 0, 0, 1
OGAWC7KF,101, 0, 1, 0, 0, 0, 1
HMZDPBKF,101, 0, 1, 0, 0, 0, 1
JN9V4OLF,101, 0, 1, 0, 0, 0, 1
XETGXOLF,101, 0, 1, 0, 0, 0, 1
P7KUC2MF,101, 0, 1, 0, 0, 0, 1
XV15NGMF,101, 0, 1, 0, 0, 0, 1
LJYTF1NF,101, 0, 1, 0, 0, 0, 1
DUCBS7NF,101, 0, 1, 0, 0, 0, 1
344OJ8NF,101, 0, 1, 0, 0, 0, 1
KCIBO7OF,101, 0, 1, 0, 0, 0, 1
XBEUJHOF,101, 0, 1, 0, 0, 0, 1
3K4GRHOF,101, 0, 1, 0, 0, 0, 1
59SY5NOF,101, 0, 1, 0, 0, 0, 1
FV7CN5PF,101, 0, 1, 0, 0, 0, 1
Y3HEPIQF,101, 0, 1, 0, 0, 0, 1
D82M32RF,102, 1, 1, 0, 0, 0, 1
X8IZP8RF,101, 0, 1, 0, 0, 0, 1
ISMW2CRF,101, 0, 1, 0, 0, 0, 1
6YJK9NRF,101, 0, 1, 0, 0, 0, 1
AON1ZXRF,101, 0, 1, 0, 0, 0, 1
VFR8VXRF,101, 0, 1, 0, 0, 0, 1
Y6EIKYRF,101, 0, 1, 0, 0, 0, 1
JWR6J5SF,101, 0, 1, 0, 0, 0, 1
N5G9UESF,101, 0, 1, 0, 0, 0, 1
FQ3SMRSF,101, 0, 1, 0, 0, 0, 1
89E5R7TF,102, 1, 1, 0, 0, 0, 1
KZ9WE9TF,101, 0, 1, 0, 0, 0, 1
V6HA77UF,102, 1, 1, 0, 0, 0, 1
YEWRBLUF,101, 0, 1, 0, 0, 0, 1
VDX2UQVF,101, 0, 1, 0, 0, 0, 1
92MTF7WF,103, 2, 1, 0, 0, 0, 1
HBN3BDWF,101, 0, 1, 0, 0, 0, 1
9MHHQXXF,101, 0, 1, 0, 0, 0, 1
Y7K5T9YF,101, 0, 1, 0, 0, 0, 1
AH8WBVYF,101, 0, 1, 0, 0, 0, 1
6WO8IFZF,101, 0, 1, 0, 0, 0, 1
5NKT5XZF,101, 0, 1, 0, 0, 0, 1
Q1LFKQ1G,101, 0, 1, 0, 0, 0, 1
V3YDGA2G,101, 0, 1, 0, 0, 0, 1
UGI4PB2G,101, 0, 1, 0, 0, 0, 1
O6MJTV2G,101, 0, 1, 0, 0, 0, 1
BH4N4Y2G,101, 0, 1, 0, 0, 0, 1
AAYHUY2G,101, 0, 1, 0, 0, 0, 1
XVFX813G,101, 0, 1, 0, 0, 0, 1
RTME5H3G,101, 0, 1, 0, 0, 0, 1
DJRXAF4G,101, 0, 1, 0, 0, 0, 1
I69LZY4G,101, 0, 1, 0, 0, 0, 1
ANY48E5G,101, 0, 1, 0, 0, 0, 1
Y8YB2E6G,101, 0, 1, 0, 0, 0, 1
2AZHFJ6G,101, 0, 1, 0, 0, 0, 1
5IVYI77G,101, 0, 1, 0, 0, 0, 1
O6ZSOH7G,101, 0, 1, 0, 0, 0, 1
WR83Z88G,101, 0, 1, 0, 0, 0, 1
SS85DQ8G,101, 0, 1, 0, 0, 0, 1
E5JFF79G,101, 0, 1, 0, 0, 0, 1
Z6IEYI9G,101, 0, 1, 0, 0, 0, 1
9BCW5Y9G,101, 0, 1, 0, 0, 0, 1
H5Y2FPAG,101, 0, 1, 0, 0, 0, 1
JQRLTRAG,102, 1, 1, 0, 0, 0, 1
BM2D1BCG,101, 0, 1, 0, 0, 0, 1
E7CXYQDG,101, 0, 1, 0, 0, 0, 1
S4O8E5EG,101, 0, 1, 0, 0, 0, 1
XQXJC8EG,101, 0, 1, 0, 0, 0, 1
8E4WO3FG,101, 0, 1, 0, 0, 0, 1
1V1ACHFG,101, 0, 1, 0, 0, 0, 1
Z85NCJGG,101, 0, 1, 0, 0, 0, 1
HTU2PQGG,101, 0, 1, 0, 0, 0, 1
6CEO2XGG,101, 0, 1, 0, 0, 0, 1
GFZPE5HG,101, 0, 1, 0, 0, 0, 1
EVB9NFHG,101, 0, 1, 0, 0, 0, 1
K5ZZEFHG,101, 0, 1, 0, 0, 0, 1
YE1PKIHG,102, 1, 1, 0, 0, 0, 1
768TPIHG,101, 0, 1, 0, 0, 0, 1
OQQTCLHG,101, 0, 1, 0, 0, 0, 1
958K88IG,101, 0, 1, 0, 0, 0, 1
GYU19NIG,101, 0, 1, 0, 0, 0, 1
URNLFOIG,101, 0, 1, 0, 0, 0, 1
L893BVIG,101, 0, 1, 0, 0, 0, 1
4PRXI1JG,101, 0, 1, 0, 0, 0, 1
JGT1SPJG,101, 0, 1, 0, 0, 0, 1
6KO2BAKG,101, 0, 1, 0, 0, 0, 1
D81HDLKG,101, 0, 1, 0, 0, 0, 1
NIFUUUNG,101, 0, 1, 0, 0, 0, 1
LU6ZRYNG,101, 0, 1, 0, 0, 0, 1
AVE6XCOG,101, 0, 1, 0, 0, 0, 1
EQIPR7PG,101, 0, 1, 0, 0, 0, 1
PHSH8TPG,103, 2, 1, 0, 0, 0, 1
EYWENARG,101, 0, 1, 0, 0, 0, 1
MP5COFRG,101, 0, 1, 0, 0, 0, 1
8M84OQRG,101, 0, 1, 0, 0, 0, 1
VN4F16SG,101, 0, 1, 0, 0, 0, 1
51Q17JSG,101, 0, 1, 0, 0, 0, 1
8C73I3TG,101, 0, 1, 0, 0, 0, 1
85P2FVTG,102, 1, 1, 0, 0, 0, 1
NKZUB8UG,101, 0, 1, 0, 0, 0, 1
F2NM4OUG,101, 0, 1, 0, 0, 0, 1
LMBASQUG,101, 0, 1, 0, 0, 0, 1
2PV61ZUG,101, 0, 1, 0, 0, 0, 1
MM968RVG,101, 0, 1, 0, 0, 0, 1
QVM6LUVG,101, 0, 1, 0, 0, 0, 1
V3W8W5WG,101, 0, 1, 0, 0, 0, 1
4XXGCXXG,101, 0, 1, 0, 0, 0, 1
TQGBEAYG,101, 0, 1, 0, 0, 0, 1
2D7ANHYG,101, 0, 1, 0, 0, 0, 1
QSQWKNZG,101, 0, 1, 0, 0, 0, 1
ZAS2CSZG,102, 1, 1, 0, 0, 0, 1
6FAFDSZG,101, 0, 1, 0, 0, 0, 1
ZARWL52H,101, 0, 1, 0, 0, 0, 1
NPUU8E2H,101, 0, 1, 0, 0, 0, 1
HRKB9W2H,101, 0, 1, 0, 0, 0, 1
ELTFGK3H,101, 0, 1, 0, 0, 0, 1
CSM7BY3H,101, 0, 1, 0, 0, 0, 1
KCULF34H,101, 0, 1, 0, 0, 0, 1
HWTA454H,101, 0, 1, 0, 0, 0, 1
A69H1B4H,101, 0, 1, 0, 0, 0, 1
93NPLK4H,101, 0, 1, 0, 0, 0, 1
CFMFOW4H,101, 0, 1, 0, 0, 0, 1
GQB8FB5H,101, 0, 1, 0, 0, 0, 1
61H35Q5H,101, 0, 1, 0, 0, 0, 1
3UJWUP5H,102, 1, 1, 0, 0, 0, 1
VOPPPV5H,101, 0, 1, 0, 0, 0, 1
OW8PKU6H,101, 0, 1, 0, 0, 0, 1
KHJ2ZV6H,102, 1, 1, 0, 0, 0, 1
KTM7EO8H,101, 0, 1, 0, 0, 0, 1
QIT12Q8H,101, 0, 1, 0, 0, 0, 1
29HY749H,101, 0, 1, 0, 0, 0, 1
PUQKMI9H,101, 0, 1, 0, 0, 0, 1
Q6D2VM9H,101, 0, 1, 0, 0, 0, 1
34UK4S9H,101, 0, 1, 0, 0, 0, 1
2JU4EY9H,103, 2, 1, 0, 0, 0, 1
QM91B2AH,101, 0, 1, 0, 0, 0, 1
STMONABH,101, 0, 1, 0, 0, 0, 1
3VY2SDBH,101, 0, 1, 0, 0, 0, 1
2U4P4EBH,101, 0, 1, 0, 0, 0, 1
KIYOQACH,101, 0, 1, 0, 0, 0, 1
AI4QIKCH,101, 0, 1, 0, 0, 0, 1
SZQSALCH,102, 1, 1, 0, 0, 0, 1
KPK38ZCH,101, 0, 1, 0, 0, 0, 1
GQQHFHDH,101, 0, 1, 0, 0, 0, 1
WROAO1EH,101, 0, 1, 0, 0, 0, 1
F4JOA2EH,101, 0, 1, 0, 0, 0, 1
PYF1V8EH,101, 0, 1, 0, 0, 0, 1
FPF1FUFH,102, 0, 1, 0, 0, 0, 2
23QCUVFH,101, 0, 1, 0, 0, 0, 1
PY3PC1GH,101, 0, 1, 0, 0, 0, 1
5D88NDGH,101, 0, 1, 0, 0, 0, 1
94IKAKGH,101, 0, 1, 0, 0, 0, 1
C34VFTGH,101, 0, 1, 0, 0, 0, 1
MBWAXZGH,101, 0, 1, 0, 0, 0, 1
T4HR72IH,102, 1, 1, 0, 0, 0, 1
XI1H1OIH,102, 1, 1, 0, 0, 0, 1
XSJLKZJH,101, 0, 1, 0, 0, 0, 1
U8DVJ3KH,101, 0, 1, 0, 0, 0, 1
UA87S6LH,101, 0, 1, 0, 0, 0, 1
K9BUFALH,101, 0, 1, 0, 0, 0, 1
VKLNTLMH,102, 0, 1, 0, 0, 0, 2
HL1Z29NH,101, 0, 1, 0, 0, 0, 1
IPI3XGNH,101, 0, 1, 0, 0, 0, 1
1JA8X5OH,101, 0, 1, 0, 0, 0, 1
UGF5FZOH,101, 0, 1, 0, 0, 0, 1
VOFDJ2PH,101, 0, 1, 0, 0, 0, 1
DT8GB2QH,101, 0, 1, 0, 0, 0, 1
V53U13QH,101, 0, 1, 0, 0, 0, 1
U27GU6QH,101, 0, 1, 0, 0, 0, 1
94FD2BQH,101, 0, 1, 0, 0, 0, 1
MJITMFQH,101, 0, 1, 0, 0, 0, 1
XH6DHOQH,101, 0, 1, 0, 0, 0, 1
YBACB3RH,101, 0, 1, 0, 0, 0, 1
26ZV86RH,101, 0, 1, 0, 0, 0, 1
EIVR3QRH,101, 0, 1, 0, 0, 0, 1
SOZNL6SH,101, 0, 1, 0, 0, 0, 1
8H4BW5TH,101, 0, 1, 0, 0, 0, 1
37FMFYUH,101, 0, 1, 0, 0, 0, 1
BB4W2XVH,101, 0, 1, 0, 0, 0, 1
7VV9I4WH,101, 0, 1, 0, 0, 0, 1
A1E5M8XH,101, 0, 1, 0, 0, 0, 1
ZKGP9YXH,102, 1, 1, 0, 0, 0, 1
COFK87YH,101, 0, 1, 0, 0, 0, 1
WJRZEXYH,101, 0, 1, 0, 0, 0, 1
77C6JHZH,101, 0, 1, 0, 0, 0, 1
SGNDQ11I,101, 0, 1, 0, 0, 0, 1
RBIGZ11I,101, 0, 1, 0, 0, 0, 1
BV2FD61I,102, 1, 1, 0, 0, 0, 1
KGLB2H2I,101, 0, 1, 0, 0, 0, 1
23WL4L2I,101, 0, 1, 0, 0, 0, 1
V1KDZN3I,101, 0, 1, 0, 0, 0, 1
RA6Z9W3I,101, 0, 1, 0, 0, 0, 1
6ZKR6Y3I,101, 0, 1, 0, 0, 0, 1
K3YNH94I,101, 0, 1, 0, 0, 0, 1
JP3VNF4I,101, 0, 1, 0, 0, 0, 1
HQ9H615I,101, 0, 1, 0, 0, 0, 1
AQXJV85I,101, 0, 1, 0, 0, 0, 1
Z3V8RH5I,101, 0, 1, 0, 0, 0, 1
KP42XI5I,101, 0, 1, 0, 0, 0, 1
BITVQR5I,101, 0, 1, 0, 0, 0, 1
SVPSSA6I,101, 0, 1, 0, 0, 0, 1
2DCL1I6I,102, 0, 1, 0, 0, 0, 2
EK49NP6I,101, 0, 1, 0, 0, 0, 1
O9F2QW6I,101, 0, 1, 0, 0, 0, 1
R9YCYW6I,101, 0, 1, 0, 0, 0, 1
SO49H67I,101, 0, 1, 0, 0, 0, 1
SGSSK97I,101, 0, 1, 0, 0, 0, 1
N5J19J7I,101, 0, 1, 0, 0, 0, 1
FWUQSN7I,101, 0, 1, 0, 0, 0, 1
4O6C2E8I,101, 0, 1, 0, 0, 0, 1
2LBBZ19I,101, 0, 1, 0, 0, 0, 1
W6TTO1AI,101, 0, 1, 0, 0, 0, 1
N8KPY6AI,101, 0, 1, 0, 0, 0, 1
RWKDP8AI,101, 0, 1, 0, 0, 0, 1
AEZ8CBAI,101, 0, 1, 0, 0, 0, 1
ATALKNAI,101, 0, 1, 0, 0, 0, 1
OR6OQKBI,101, 0, 1, 0, 0, 0, 1
3ECYGACI,101, 0, 1, 0, 0, 0, 1
LSPCOGCI,101, 0, 1, 0, 0, 0, 1
U391T6DI,101, 0, 1, 0, 0, 0, 1
6VP5G9DI,101, 0, 1, 0, 0, 0, 1
7KFCCLDI,103, 2, 1, 0, 0, 0, 1
2D1ATDEI,101, 0, 1, 0, 0, 0, 1
BJB96EEI,101, 0, 1, 0, 0, 0, 1
WMZ4D4FI,101, 0, 1, 0, 0, 0, 1
6SVZS7FI,101, 0, 1, 0, 0, 0, 1
67QY9CFI,101, 0, 1, 0, 0, 0, 1
J8RGHCFI,101, 0, 1, 0, 0, 0, 1
RGZMTGHI,101, 0, 1, 0, 0, 0, 1
6PL3TZHI,102, 1, 1, 0, 0, 0, 1
JTRFT8II,101, 0, 1, 0, 0, 0, 1
FCGCE7JI,101, 0, 1, 0, 0, 0, 1
DWP2D6KI,101, 0, 1, 0, 0, 0, 1
CMV53AKI,101, 0, 1, 0, 0, 0, 1
S8SHX9KI,101, 0, 1, 0, 0, 0, 1
8ATK79LI,101, 0, 1, 0, 0, 0, 1
4B6NMALI,102, 1, 1, 0, 0, 0, 1
6MLTOCLI,101, 0, 1, 0, 0, 0, 1
KQYL8UMI,101, 0, 1, 0, 0, 0, 1
84YU4ANI,101, 0, 1, 0, 0, 0, 1
T744UINI,101, 0, 1, 0, 0, 0, 1
TGZQL8PI,101, 0, 1, 0, 0, 0, 1
Y5C532QI,101, 0, 1, 0, 0, 0, 1
ZA4TRKQI,101, 0, 1, 0, 0, 0, 1
HTAOU6RI,102, 1, 1, 0, 0, 0, 1
LYBCRDRI,101, 0, 1, 0, 0, 0, 1
F8KFTFRI,101, 0, 1, 0, 0, 0, 1
GHHYRMSI,101, 0, 1, 0, 0, 0, 1
XG49P1TI,101, 0, 1, 0, 0, 0, 1
XHAYN4TI,103, 2, 1, 0, 0, 0, 1
F2X1JETI,101, 0, 1, 0, 0, 0, 1
DKY2VSTI,101, 0, 1, 0, 0, 0, 1
4MQHDWTI,101, 0, 1, 0, 0, 0, 1
H6UF4FUI,102, 1, 1, 0, 0, 0, 1
OA82QGUI,101, 0, 1, 0, 0, 0, 1
QBREEAVI,101, 0, 1, 0, 0, 0, 1
VU4ZBLWI,101, 0, 1, 0, 0, 0, 1
KJWC1NWI,101, 0, 1, 0, 0, 0, 1
JA5R4ZWI,101, 0, 1, 0, 0, 0, 1
M8SL4WYI,101, 0, 1, 0, 0, 0, 1
Z6K58GZI,101, 0, 1, 0, 0, 0, 1
KHYCOJZI,101, 0, 1, 0, 0, 0, 1
C9NK1M1J,101, 0, 1, 0, 0, 0, 1
DBLQZ72J,102, 0, 1, 0, 0, 0, 2
Y3BN1Z2J,103, 2, 1, 0, 0, 0, 1
8TMA553J,101, 0, 1, 0, 0, 0, 1
5H7S1Q3J,101, 0, 1, 0, 0, 0, 1
VROP994J,101, 0, 1, 0, 0, 0, 1
A65QIB4J,101, 0, 1, 0, 0, 0, 1
C4SIWO4J,101, 0, 1, 0, 0, 0, 1
MPR4RS4J,101, 0, 1, 0, 0, 0, 1
PWKUS56J,101, 0, 1, 0, 0, 0, 1
B7H8476J,101, 0, 1, 0, 0, 0, 1
UC63WG6J,101, 0, 1, 0, 0, 0, 1
YQ8Y417J,101, 0, 1, 0, 0, 0, 1
PMEYQ27J,101, 0, 1, 0, 0, 0, 1
AK2FGE7J,101, 0, 1, 0, 0, 0, 1
GR411N7J,101, 0, 1, 0, 0, 0, 1
1IACAN7J,101, 0, 1, 0, 0, 0, 1
2BIW6O7J,101, 0, 1, 0, 0, 0, 1
UIBVA58J,101, 0, 1, 0, 0, 0, 1
DJ2Z8W9J,101, 0, 1, 0, 0, 0, 1
XAHLOHAJ,101, 0, 1, 0, 0, 0, 1
GNVLKSAJ,101, 0, 1, 0, 0, 0, 1
GX8AAGBJ,101, 0, 1, 0, 0, 0, 1
KI2ZFLBJ,101, 0, 1, 0, 0, 0, 1
INQT5MCJ,101, 0, 1, 0, 0, 0, 1
SW7I6VCJ,102, 1, 1, 0, 0, 0, 1
QPXFSYCJ,101, 0, 1, 0, 0, 0, 1
96271JEJ,101, 0, 1, 0, 0, 0, 1
MRI12KEJ,101, 0, 1, 0, 0, 0, 1
6LYSHLEJ,101, 0, 1, 0, 0, 0, 1
ZV71DPEJ,101, 0, 1, 0, 0, 0, 1
JFBQ1SEJ,101, 0, 1, 0, 0, 0, 1
KVQ8C7FJ,101, 0, 1, 0, 0, 0, 1
67IA3CFJ,101, 0, 1, 0, 0, 0, 1
971FHFFJ,101, 0, 1, 0, 0, 0, 1
9YQKVKFJ,101, 0, 1, 0, 0, 0, 1
8YEV94HJ,101, 0, 1, 0, 0, 0, 1
WVO695HJ,101, 0, 1, 0, 0, 0, 1
4LTCV8HJ,101, 0, 1, 0, 0, 0, 1
DNMZS8HJ,101, 0, 1, 0, 0, 0, 1
1XKPWEHJ,101, 0, 1, 0, 0, 0, 1
WQW7VBIJ,101, 0, 1, 0, 0, 0, 1
W9VSNRIJ,101, 0, 1, 0, 0, 0, 1
RTG5QYIJ,101, 0, 1, 0, 0, 0, 1
M7Y2BIKJ,101, 0, 1, 0, 0, 0, 1
4IX6DUKJ,101, 0, 1, 0, 0, 0, 1
U3MDF6LJ,101, 0, 1, 0, 0, 0, 1
9DN5U7LJ,101, 0, 1, 0, 0, 0, 1
VST8DCLJ,101, 0, 1, 0, 0, 0, 1
TWI2I5MJ,101, 0, 1, 0, 0, 0, 1
PN1S99MJ,101, 0, 1, 0, 0, 0, 1
NYTZZKMJ,101, 0, 1, 0, 0, 0, 1
V89GR1NJ,101, 0, 1, 0, 0, 0, 1
DFAPIJNJ,101, 0, 1, 0, 0, 0, 1
5A34XZNJ,101, 0, 1, 0, 0, 0, 1
VQLPGZOJ,101, 0, 1, 0, 0, 0, 1
6XHLZ1PJ,101, 0, 1, 0, 0, 0, 1
CBNUV7PJ,101, 0, 1, 0, 0, 0, 1
LUVR9DPJ,101, 0, 1, 0, 0, 0, 1
WLSP14QJ,101, 0, 1, 0, 0, 0, 1
GAIPXDQJ,101, 0, 1, 0, 0, 0, 1
ASDSH4RJ,101, 0, 1, 0, 0, 0, 1
VT2VKSRJ,101, 0, 1, 0, 0, 0, 1
WT234HSJ,101, 0, 1, 0, 0, 0, 1
3SYNMXSJ,101, 0, 1, 0, 0, 0, 1
5G7DVZSJ,101, 0, 1, 0, 0, 0, 1
Q7AQ1CTJ,101, 0, 1, 0, 0, 0, 1
ZGDR3CTJ,102, 1, 1, 0, 0, 0, 1
LY6RBUTJ,102, 0, 1, 0, 0, 0, 2
P7R2HQUJ,101, 0, 1, 0, 0, 0, 1
7E6T15VJ,102, 1, 1, 0, 0, 0, 1
LZ22OLVJ,101, 0, 1, 0, 0, 0, 1
PZLWA2WJ,101, 0, 1, 0, 0, 0, 1
JL8UDJWJ,101, 0, 1, 0, 0, 0, 1
7TN767XJ,102, 1, 1, 0, 0, 0, 1
7S119ZXJ,101, 0, 1, 0, 0, 0, 1
4GXM7BYJ,101, 0, 1, 0, 0, 0, 1
R7W8TDYJ,101, 0, 1, 0, 0, 0, 1
MQEG9EYJ,102, 1, 1, 0, 0, 0, 1
YQUUXFYJ,101, 0, 1, 0, 0, 0, 1
FIBM15ZJ,101, 0, 1, 0, 0, 0, 1
F58SDBZJ,101, 0, 1, 0, 0, 0, 1
6EOLKRZJ,101, 0, 1, 0, 0, 0, 1
6QI6S42K,101, 0, 1, 0, 0, 0, 1
EK7WO23K,101, 0, 1, 0, 0, 0, 1
B3ULHU3K,101, 0, 1, 0, 0, 0, 1
V3WJSI4K,101, 0, 1, 0, 0, 0, 1
S9AV9K4K,101, 0, 1, 0, 0, 0, 1
XJ99JS6K,101, 0, 1, 0, 0, 0, 1
8BQV437K,101, 0, 1, 0, 0, 0, 1
M2BAI37K,101, 0, 1, 0, 0, 0, 1
EE1FHS7K,101, 0, 1, 0, 0, 0, 1
94Q7R48K,101, 0, 1, 0, 0, 0, 1
6LCVNA8K,102, 1, 1, 0, 0, 0, 1
YIRQD89K,101, 0, 1, 0, 0, 0, 1
STP3KF9K,101, 0, 1, 0, 0, 0, 1
HF5BF9AK,101, 0, 1, 0, 0, 0, 1
WEEFY1DK,102, 1, 1, 0, 0, 0, 1
5F38SBDK,102, 1, 1, 0, 0, 0, 1
SVLIVMDK,101, 0, 1, 0, 0, 0, 1
O2HG1PDK,101, 0, 1, 0, 0, 0, 1
8EM3YVDK,101, 0, 1, 0, 0, 0, 1
788254EK,101, 0, 1, 0, 0, 0, 1
J796PAEK,101, 0, 1, 0, 0, 0, 1
XE7VV2FK,101, 0, 1, 0, 0, 0, 1
XTF64DHK,101, 0, 1, 0, 0, 0, 1
H2V9JLHK,101, 0, 1, 0, 0, 0, 1
FAFZXZHK,101, 0, 1, 0, 0, 0, 1
9YXAHIIK,101, 0, 1, 0, 0, 0, 1
BKB5HRIK,101, 0, 1, 0, 0, 0, 1
RR845VJK,101, 0, 1, 0, 0, 0, 1
ZOSS8DKK,102, 1, 1, 0, 0, 0, 1
5AB5G1LK,101, 0, 1, 0, 0, 0, 1
7MNMYULK,101, 0, 1, 0, 0, 0, 1
1M28KGNK,101, 0, 1, 0, 0, 0, 1
9K68AHNK,101, 0, 1, 0, 0, 0, 1
NR9SQSNK,101, 0, 1, 0, 0, 0, 1
ABQUJTNK,101, 0, 1, 0, 0, 0, 1
V2W6LZNK,102, 1, 1, 0, 0, 0, 1
7CY9CSOK,101, 0, 1, 0, 0, 0, 1
TDQR35PK,101, 0, 1, 0, 0, 0, 1
3EQ6CGPK,101, 0, 1, 0, 0, 0, 1
Q6A2KVPK,101, 0, 1, 0, 0, 0, 1
WE1EYLQK,101, 0, 1, 0, 0, 0, 1
RUGXDVQK,103, 2, 1, 0, 0, 0, 1
4MOLFZQK,101, 0, 1, 0, 0, 0, 1
OTFMFQRK,102, 1, 1, 0, 0, 0, 1
XVWPO5SK,101, 0, 1, 0, 0, 0, 1
11W22JSK,101, 0, 1, 0, 0, 0, 1
C2134GTK,102, 1, 1, 0, 0, 0, 1
QWQJRQTK,101, 0, 1, 0, 0, 0, 1
4IV84YUK,101, 0, 1, 0, 0, 0, 1
E69OYXUK,101, 0, 1, 0, 0, 0, 1
ZBD112VK,101, 0, 1, 0, 0, 0, 1
7A3Q76WK,101, 0, 1, 0, 0, 0, 1
BLJJGJWK,101, 0, 1, 0, 0, 0, 1
UPU6KOWK,101, 0, 1, 0, 0, 0, 1
WUG8XDXK,101, 0, 1, 0, 0, 0, 1
SKA1XVXK,101, 0, 1, 0, 0, 0, 1
8DJCK8YK,102, 1, 1, 0, 0, 0, 1
JGGV6DYK,101, 0, 1, 0, 0, 0, 1
GOXEAHYK,101, 0, 1, 0, 0, 0, 1
FSD7USYK,101, 0, 1, 0, 0, 0, 1
HDLMDC2L,101, 0, 1, 0, 0, 0, 1
UC8QSE2L,101, 0, 1, 0, 0, 0, 1
IJL7ZK2L,101, 0, 1, 0, 0, 0, 1
6RLTSN2L,101, 0, 1, 0, 0, 0, 1
TNUWSS2L,101, 0, 1, 0, 0, 0, 1
IITEHY3L,103, 2, 1, 0, 0, 0, 1
KKUBPB5L,101, 0, 1, 0, 0, 0, 1
YJHC7Q5L,101, 0, 1, 0, 0, 0, 1
XWRLDM6L,101, 0, 1, 0, 0, 0, 1
LITPTN6L,101, 0, 1, 0, 0, 0, 1
KWLK3X6L,101, 0, 1, 0, 0, 0, 1
SE8VXX6L,101, 0, 1, 0, 0, 0, 1
UR45CS7L,101, 0, 1, 0, 0, 0, 1
XOK8EV7L,101, 0, 1, 0, 0, 0, 1
EU9V6IAL,101, 0, 1, 0, 0, 0, 1
693TVFBL,102, 1, 1, 0, 0, 0, 1
QWER21DL,101, 0, 1, 0, 0, 0, 1
W5XU9AFL,102, 1, 1, 0, 0, 0, 1
J31HMJFL,101, 0, 1, 0, 0, 0, 1
5B7UU7GL,101, 0, 1, 0, 0, 0, 1
Q6PT5UGL,101, 0, 1, 0, 0, 0, 1
KZLEQBHL,101, 0, 1, 0, 0, 0, 1
X4IVOCHL,101, 0, 1, 0, 0, 0, 1
WNHU6DHL,101, 0, 1, 0, 0, 0, 1
TMU9FVHL,101, 0, 1, 0, 0, 0, 1
MMQJQJIL,101, 0, 1, 0, 0, 0, 1
R2TRZJIL,101, 0, 1, 0, 0, 0, 1
Y3KU67JL,102, 1, 1, 0, 0, 0, 1
S2NGAMJL,101, 0, 1, 0, 0, 0, 1
UFX5YTJL,101, 0, 1, 0, 0, 0, 1
342PT2KL,101, 0, 1, 0, 0, 0, 1
AB6MB6KL,101, 0, 1, 0, 0, 0, 1
Z46QISLL,101, 0, 1, 0, 0, 0, 1
6OZU53ML,101, 0, 1, 0, 0, 0, 1
34L6SRNL,101, 0, 1, 0, 0, 0, 1
OFF2RSNL,101, 0, 1, 0, 0, 0, 1
HPCXV3OL,101, 0, 1, 0, 0, 0, 1
SVBXI5OL,101, 0, 1, 0, 0, 0, 1
U98RP6OL,101, 0, 1, 0, 0, 0, 1
18HZOIOL,101, 0, 1, 0, 0, 0, 1
8R4FUEPL,101, 0, 1, 0, 0, 0, 1
JWHKFHPL,101, 0, 1, 0, 0, 0, 1
XBFFVVPL,101, 0, 1, 0, 0, 0, 1
TAKN7WPL,101, 0, 1, 0, 0, 0, 1
1IWC3LQL,102, 1, 1, 0, 0, 0, 1
OMVMYOQL,101, 0, 1, 0, 0, 0, 1
8WU79ZRL,101, 0, 1, 0, 0, 0, 1
DILOW9SL,101, 0, 1, 0, 0, 0, 1
MJBAVISL,101, 0, 1, 0, 0, 0, 1
B28BFUSL,101, 0, 1, 0, 0, 0, 1
A34TAFTL,101, 0, 1, 0, 0, 0, 1
S7HRPQTL,101, 0, 1, 0, 0, 0, 1
UQCJ2DUL,101, 0, 1, 0, 0, 0, 1
9P77T3VL,101, 0, 1, 0, 0, 0, 1
3K4Z24VL,101, 0, 1, 0, 0, 0, 1
XP2EJCWL,101, 0, 1, 0, 0, 0, 1
9AV6LKWL,101, 0, 1, 0, 0, 0, 1
TJCTW2XL,101, 0, 1, 0, 0, 0, 1
OUIJG3XL,102, 1, 1, 0, 0, 0, 1
XUE5SDYL,101, 0, 1, 0, 0, 0, 1
7ZR65IYL,101, 0, 1, 0, 0, 0, 1
S53GZ5ZL,101, 0, 1, 0, 0, 0, 1
UQKVE7ZL,102, 1, 1, 0, 0, 0, 1
N5JO7TZL,102, 1, 1, 0, 0, 0, 1
P5NFH11M,101, 0, 1, 0, 0, 0, 1
5CTVA91M,101, 0, 1, 0, 0, 0, 1
HVHQCB1M,101, 0, 1, 0, 0, 0, 1
YUKHYK1M,101, 0, 1, 0, 0, 0, 1
35CZKN1M,101, 0, 1, 0, 0, 0, 1
MFE5AO1M,101, 0, 1, 0, 0, 0, 1
I8F1DR2M,101, 0, 1, 0, 0, 0, 1
ZZ8OQ55M,101, 0, 1, 0, 0, 0, 1
WTE78K5M,101, 0, 1, 0, 0, 0, 1
B9WIU78M,101, 0, 1, 0, 0, 0, 1
ZBRUZX8M,101, 0, 1, 0, 0, 0, 1
2LE9DH9M,101, 0, 1, 0, 0, 0, 1
1XOQPUBM,101, 0, 1, 0, 0, 0, 1
CY9P33CM,101, 0, 1, 0, 0, 0, 1
6M62ZYCM,101, 0, 1, 0, 0, 0, 1
YJ3O38DM,101, 0, 1, 0, 0, 0, 1
K8JOGBDM,101, 0, 1, 0, 0, 0, 1
MDVWGYEM,101, 0, 1, 0, 0, 0, 1
H7KMQCFM,101, 0, 1, 0, 0, 0, 1
QVRMWFFM,101, 0, 1, 0, 0, 0, 1
THAKKGFM,102, 1, 1, 0, 0, 0, 1
JC1FUZGM,101, 0, 1, 0, 0, 0, 1
NQ45UKHM,101, 0, 1, 0, 0, 0, 1
VN4DNVHM,101, 0, 1, 0, 0, 0, 1
19W9V2IM,101, 0, 1, 0, 0, 0, 1
1X5YG9IM,101, 0, 1, 0, 0, 0, 1
DBQM1FIM,101, 0, 1, 0, 0, 0, 1
5MD3JMIM,101, 0, 1, 0, 0, 0, 1
NWSPVRJM,101, 0, 1, 0, 0, 0, 1
HNOVG3KM,102, 1, 1, 0, 0, 0, 1
LE91HKKM,101, 0, 1, 0, 0, 0, 1
W84X5VKM,101, 0, 1, 0, 0, 0, 1
CA1C65LM,101, 0, 1, 0, 0, 0, 1
DF7IAJLM,101, 0, 1, 0, 0, 0, 1
YRCR8LLM,102, 1, 1, 0, 0, 0, 1
Y3YAMMLM,101, 0, 1, 0, 0, 0, 1
B6ITIBMM,101, 0, 1, 0, 0, 0, 1
TFK9QCNM,101, 0, 1, 0, 0, 0, 1
RH47TLOM,101, 0, 1, 0, 0, 0, 1
WWVDO4PM,101, 0, 1, 0, 0, 0, 1
B2VXP9PM,101, 0, 1, 0, 0, 0, 1
QVWRBBPM,101, 0, 1, 0, 0, 0, 1
E9LYJJPM,111, 0, 1, 0, 1, 0, 2
FNO29IQM,101, 0, 1, 0, 0, 0, 1
3DD6PKQM,102, 1, 1, 0, 0, 0, 1
JNRHDIRM,101, 0, 1, 0, 0, 0, 1
C24J42TM,101, 0, 1, 0, 0, 0, 1
ZPBTNCTM,102, 1, 1, 0, 0, 0, 1
WN7D6GTM,101, 0, 1, 0, 0, 0, 1
97SLRRTM,101, 0, 1, 0, 0, 0, 1
MHIVQ5UM,101, 0, 1, 0, 0, 0, 1
1A3BRCUM,101, 0, 1, 0, 0, 0, 1
QSXTVDUM,101, 0, 1, 0, 0, 0, 1
827T1KUM,101, 0, 1, 0, 0, 0, 1
5XELZUUM,101, 0, 1, 0, 0, 0, 1
OQT9JHVM,101, 0, 1, 0, 0, 0, 1
BARXEDWM,101, 0, 1, 0, 0, 0, 1
86FEXEWM,101, 0, 1, 0, 0, 0, 1
7IS63DXM,101, 0, 1, 0, 0, 0, 1
IZ747NYM,101, 0, 1, 0, 0, 0, 1
H2VL5VYM,101, 0, 1, 0, 0, 0, 1
FMRTOYYM,101, 0, 1, 0, 0, 0, 1
2SWG83ZM,101, 0, 1, 0, 0, 0, 1
VAAPU3ZM,102, 1, 1, 0, 0, 0, 1
IJOLQGZM,101, 0, 1, 0, 0, 0, 1
9RIM4F1N,101, 0, 1, 0, 0, 0, 1
KJDPAG1N,101, 0, 1, 0, 0, 0, 1
IRMREI1N,101, 0, 1, 0, 0, 0, 1
MPAK8N1N,101, 0, 1, 0, 0, 0, 1
3TN9PG2N,101, 0, 1, 0, 0, 0, 1
GWXGLP2N,102, 1, 1, 0, 0, 0, 1
P2CBED3N,101, 0, 1, 0, 0, 0, 1
RCOORH3N,101, 0, 1, 0, 0, 0, 1
HBNJFP3N,101, 0, 1, 0, 0, 0, 1
CDV3LP4N,101, 0, 1, 0, 0, 0, 1
HC1SUC5N,102, 0, 1, 0, 0, 0, 2
5NEZMD5N,101, 0, 1, 0, 0, 0, 1
842BU16N,101, 0, 1, 0, 0, 0, 1
QHW9BS6N,103, 2, 1, 0, 0, 0, 1
V47KC27N,101, 0, 1, 0, 0, 0, 1
R3C3BL7N,101, 0, 1, 0, 0, 0, 1
KKZF848N,101, 0, 1, 0, 0, 0, 1
K789EB8N,101, 0, 1, 0, 0, 0, 1
3HG7JP8N,101, 0, 1, 0, 0, 0, 1
SADGOS8N,101, 0, 1, 0, 0, 0, 1
PU5G5U8N,101, 0, 1, 0, 0, 0, 1
VGUU2V8N,102, 1, 1, 0, 0, 0, 1
QAR2KU9N,101, 0, 1, 0, 0, 0, 1
M9ICBY9N,101, 0, 1, 0, 0, 0, 1
T9COV7AN,101, 0, 1, 0, 0, 0, 1
DGMKIGAN,101, 0, 1, 0, 0, 0, 1
NK6RQQAN,102, 1, 1, 0, 0, 0, 1
XSGRCVAN,101, 0, 1, 0, 0, 0, 1
ZM2FWWAN,101, 0, 1, 0, 0, 0, 1
36KQBYAN,102, 1, 1, 0, 0, 0, 1
I7F3YYAN,101, 0, 1, 0, 0, 0, 1
7SF1R1BN,101, 0, 1, 0, 0, 0, 1
GZNQT2BN,101, 0, 1, 0, 0, 0, 1
X67J54BN,101, 0, 1, 0, 0, 0, 1
53S7RJBN,101, 0, 1, 0, 0, 0, 1
SPIYJMBN,101, 0, 1, 0, 0, 0, 1
O4WD68CN,101, 0, 1, 0, 0, 0, 1
H26PYQCN,101, 0, 1, 0, 0, 0, 1
F9IGPXCN,101, 0, 1, 0, 0, 0, 1
RCG9U1DN,101, 0, 1, 0, 0, 0, 1
AKVVAUDN,101, 0, 1, 0, 0, 0, 1
XFSC4FEN,101, 0, 1, 0, 0, 0, 1
382BIHEN,102, 1, 1, 0, 0, 0, 1
KNDVUMEN,101, 0, 1, 0, 0, 0, 1
Q5U3AZEN,101, 0, 1, 0, 0, 0, 1
CWMGT3FN,101, 0, 1, 0, 0, 0, 1
1PT5TIFN,101, 0, 1, 0, 0, 0, 1
O8T27XFN,101, 0, 1, 0, 0, 0, 1
UDY1LSGN,101, 0, 1, 0, 0, 0, 1
NIG8W6HN,101, 0, 1, 0, 0, 0, 1
8OUBU7HN,101, 0, 1, 0, 0, 0, 1
Q4JPT4IN,102, 1, 1, 0, 0, 0, 1
WUN9QAIN,101, 0, 1, 0, 0, 0, 1
DAPCKQIN,102, 1, 1, 0, 0, 0, 1
TXFM5WJN,101, 0, 1, 0, 0, 0, 1
GUUG2XJN,101, 0, 1, 0, 0, 0, 1
9V4166KN,101, 0, 1, 0, 0, 0, 1
URQ4O9KN,102, 0, 1, 0, 0, 0, 2
G2TS8GKN,101, 0, 1, 0, 0, 0, 1
FQTG7HKN,102, 1, 1, 0, 0, 0, 1
LN7K1ZKN,101, 0, 1, 0, 0, 0, 1
TVXMCZKN,101, 0, 1, 0, 0, 0, 1
5YEALBLN,101, 0, 1, 0, 0, 0, 1
UHN9FDLN,101, 0, 1, 0, 0, 0, 1
97NH6JLN,101, 0, 1, 0, 0, 0, 1
8IIR87MN,101, 0, 1, 0, 0, 0, 1
LMLT3FMN,101, 0, 1, 0, 0, 0, 1
HBM86WMN,101, 0, 1, 0, 0, 0, 1
R6IAYTNN,101, 0, 1, 0, 0, 0, 1
4GF4MUNN,101, 0, 1, 0, 0, 0, 1
NUFEB1ON,101, 0, 1, 0, 0, 0, 1
Z46TXSON,101, 0, 1, 0, 0, 0, 1
BVW5OVON,103, 1, 1, 0, 0, 0, 2
I6RFLAQN,101, 0, 1, 0, 0, 0, 1
DXPK8HQN,101, 0, 1, 0, 0, 0, 1
13EO3PQN,101, 0, 1, 0, 0, 0, 1
TLYAKTRN,101, 0, 1, 0, 0, 0, 1
JW1HJCSN,102, 1, 1, 0, 0, 0, 1
4Y92PJSN,101, 0, 1, 0, 0, 0, 1
4XW59VSN,101, 0, 1, 0, 0, 0, 1
R76FU6TN,101, 0, 1, 0, 0, 0, 1
E6QPKETN,101, 0, 1, 0, 0, 0, 1
K4KTL5UN,101, 0, 1, 0, 0, 0, 1
PJ2KBPUN,101, 0, 1, 0, 0, 0, 1
H226F3VN,102, 1, 1, 0, 0, 0, 1
J6R147VN,101, 0, 1, 0, 0, 0, 1
VIAB4EVN,101, 0, 1, 0, 0, 0, 1
9A1RUJVN,101, 0, 1, 0, 0, 0, 1
1ZXAF4WN,101, 0, 1, 0, 0, 0, 1
GBX457WN,101, 0, 1, 0, 0, 0, 1
C9NQFSWN,101, 0, 1, 0, 0, 0, 1
GVJC32XN,102, 0, 1, 0, 0, 0, 2
SQ877EYN,101, 0, 1, 0, 0, 0, 1
MWKCLIYN,101, 0, 1, 0, 0, 0, 1
5TUZR6ZN,101, 0, 1, 0, 0, 0, 1
YTM2KFZN,101, 0, 1, 0, 0, 0, 1
M6Z8AIZN,101, 0, 1, 0, 0, 0, 1
CG7NRQZN,102, 1, 1, 0, 0, 0, 1
4MZFOXZN,101, 0, 1, 0, 0, 0, 1
BTHBVXZN,101, 0, 1, 0, 0, 0, 1
MHYCE32O,101, 0, 1, 0, 0, 0, 1
4RD5LM2O,101, 0, 1, 0, 0, 0, 1
717GI23O,101, 0, 1, 0, 0, 0, 1
6O56893O,101, 0, 1, 0, 0, 0, 1
LGIVZJ3O,101, 0, 1, 0, 0, 0, 1
LHYWIN3O,101, 0, 1, 0, 0, 0, 1
6D4Z9B4O,101, 0, 1, 0, 0, 0, 1
QJ1ZN65O,101, 0, 1, 0, 0, 0, 1
XVYH5Q5O,101, 0, 1, 0, 0, 0, 1
W18SEA6O,101, 0, 1, 0, 0, 0, 1
WTRI4B6O,101, 0, 1, 0, 0, 0, 1
TS2M4B6O,101, 0, 1, 0, 0, 0, 1
WZF1TY6O,101, 0, 1, 0, 0, 0, 1
UF1J427O,101, 0, 1, 0, 0, 0, 1
ZQUPK28O,101, 0, 1, 0, 0, 0, 1
4SPB248O,101, 0, 1, 0, 0, 0, 1
S6FR5I8O,101, 0, 1, 0, 0, 0, 1
4X76ZJ9O,101, 0, 1, 0, 0, 0, 1
19V9UMAO,102, 1, 1, 0, 0, 0, 1
YDDE65BO,101, 0, 1, 0, 0, 0, 1
83VKENBO,101, 0, 1, 0, 0, 0, 1
4SU8MACO,101, 0, 1, 0, 0, 0, 1
KTQ5ASCO,101, 0, 1, 0, 0, 0, 1
4GCS5ZCO,101, 0, 1, 0, 0, 0, 1
CZ4LRCDO,101, 0, 1, 0, 0, 0, 1
8FKFJREO,101, 0, 1, 0, 0, 0, 1
3YGERJFO,101, 0, 1, 0, 0, 0, 1
YL37PTFO,102, 1, 1, 0, 0, 0, 1
KH1N2CGO,101, 0, 1, 0, 0, 0, 1
XH14PCGO,101, 0, 1, 0, 0, 0, 1
MVOHSQGO,101, 0, 1, 0, 0, 0, 1
9LCVA3HO,101, 0, 1, 0, 0, 0, 1
CJQ3YLHO,101, 0, 1, 0, 0, 0, 1
2SD2UYHO,101, 0, 1, 0, 0, 0, 1
ZAB2VEIO,101, 0, 1, 0, 0, 0, 1
Z7YFTWIO,101, 0, 1, 0, 0, 0, 1
LOBNP2JO,101, 0, 1, 0, 0, 0, 1
I9XOL5JO,101, 0, 1, 0, 0, 0, 1
J56M1FJO,101, 0, 1, 0, 0, 0, 1
5FQBMJKO,101, 0, 1, 0, 0, 0, 1
HIOP8UKO,101, 0, 1, 0, 0, 0, 1
KJU1CDLO,101, 0, 1, 0, 0, 0, 1
CXNU2QLO,101, 0, 1, 0, 0, 0, 1
XPECJWLO,101, 0, 1, 0, 0, 0, 1
D2IVLPMO,101, 0, 1, 0, 0, 0, 1
RGK5A1NO,101, 0, 1, 0, 0, 0, 1
Y2AP38NO,101, 0, 1, 0, 0, 0, 1
NW3XDMNO,101, 0, 1, 0, 0, 0, 1
5YHXQYNO,101, 0, 1, 0, 0, 0, 1
V11N3COO,101, 0, 1, 0, 0, 0, 1
Q2SV9FOO,101, 0, 1, 0, 0, 0, 1
ZFC6HJOO,101, 0, 1, 0, 0, 0, 1
P8OHOPPO,101, 0, 1, 0, 0, 0, 1
VFYV69QO,101, 0, 1, 0, 0, 0, 1
LQ3HCIQO,101, 0, 1, 0, 0, 0, 1
5K4ENKQO,101, 0, 1, 0, 0, 0, 1
2IG466RO,101, 0, 1, 0, 0, 0, 1
DI3CTIRO,101, 0, 1, 0, 0, 0, 1
ZJETS9SO,101, 0, 1, 0, 0, 0, 1
G14D2WSO,101, 0, 1, 0, 0, 0, 1
T661V7TO,101, 0, 1, 0, 0, 0, 1
N8LAYETO,101, 0, 1, 0, 0, 0, 1
YXYAOFTO,101, 0, 1, 0, 0, 0, 1
S6X78ITO,101, 0, 1, 0, 0, 0, 1
UHA54CUO,101, 0, 1, 0, 0, 0, 1
8O67U1VO,101, 0, 1, 0, 0, 0, 1
WIH95FVO,101, 0, 1, 0, 0, 0, 1
ARYRSKVO,101, 0, 1, 0, 0, 0, 1
3THFWMVO,101, 0, 1, 0, 0, 0, 1
4TE1OZVO,101, 0, 1, 0, 0, 0, 1
CWEDLIYO,101, 0, 1, 0, 0, 0, 1
C7IYPQYO,101, 0, 1, 0, 0, 0, 1
RDBP49ZO,101, 0, 1, 0, 0, 0, 1
CQD8IMZO,101, 0, 1, 0, 0, 0, 1
3811E81P,101, 0, 1, 0, 0, 0, 1
O2S9CM1P,101, 0, 1, 0, 0, 0, 1
69927N1P,101, 0, 1, 0, 0, 0, 1
L7VZ9V1P,101, 0, 1, 0, 0, 0, 1
AZAT422P,101, 0, 1, 0, 0, 0, 1
CCQECC2P,101, 0, 1, 0, 0, 0, 1
1S84XQ2P,101, 0, 1, 0, 0, 0, 1
PXL1EU2P,101, 0, 1, 0, 0, 0, 1
WD53K23P,102, 1, 1, 0, 0, 0, 1
U9EB2F3P,101, 0, 1, 0, 0, 0, 1
IL9IMV3P,102, 1, 1, 0, 0, 0, 1
REJ9V34P,102, 1, 1, 0, 0, 0, 1
J8E4VH4P,101, 0, 1, 0, 0, 0, 1
5A62DV4P,101, 0, 1, 0, 0, 0, 1
CZWJJ15P,101, 0, 1, 0, 0, 0, 1
8J3TK45P,101, 0, 1, 0, 0, 0, 1
QN9NXA5P,102, 1, 1, 0, 0, 0, 1
EF7LHO5P,101, 0, 1, 0, 0, 0, 1
UQETX46P,101, 0, 1, 0, 0, 0, 1
8UF5Z96P,102, 1, 1, 0, 0, 0, 1
P8SCDL6P,101, 0, 1, 0, 0, 0, 1
UEVSZI7P,101, 0, 1, 0, 0, 0, 1
QB4ASO7P,102, 1, 1, 0, 0, 0, 1
VMQ4DS7P,101, 0, 1, 0, 0, 0, 1
MPDF5V7P,101, 0, 1, 0, 0, 0, 1
A5AUGI8P,101, 0, 1, 0, 0, 0, 1
ND9TMS8P,102, 1, 1, 0, 0, 0, 1
ZX3CTU8P,101, 0, 1, 0, 0, 0, 1
VSMFIP9P,102, 1, 1, 0, 0, 0, 1
82ONIP9P,101, 0, 1, 0, 0, 0, 1
G8SMJGAP,101, 0, 1, 0, 0, 0, 1
XR574LAP,101, 0, 1, 0, 0, 0, 1
9XCG9VAP,102, 1, 1, 0, 0, 0, 1
NGMJXPBP,101, 0, 1, 0, 0, 0, 1
CFUH3ZBP,101, 0, 1, 0, 0, 0, 1
9GMVRMEP,101, 0, 1, 0, 0, 0, 1
POBFA3HP,101, 0, 1, 0, 0, 0, 1
KOL9R6HP,101, 0, 1, 0, 0, 0, 1
ESC3TIIP,101, 0, 1, 0, 0, 0, 1
EAI2X7JP,102, 1, 1, 0, 0, 0, 1
YYTNVGJP,101, 0, 1, 0, 0, 0, 1
N3VN3IJP,101, 0, 1, 0, 0, 0, 1
M8I51SJP,101, 0, 1, 0, 0, 0, 1
OI11S7KP,101, 0, 1, 0, 0, 0, 1
7AR8KAKP,101, 0, 1, 0, 0, 0, 1
YXIB3FKP,101, 0, 1, 0, 0, 0, 1
AB2Z5KKP,101, 0, 1, 0, 0, 0, 1
EDY1EGLP,101, 0, 1, 0, 0, 0, 1
6HQ8IILP,101, 0, 1, 0, 0, 0, 1
Z38X69MP,103, 2, 1, 0, 0, 0, 1
BCWCY8NP,101, 0, 1, 0, 0, 0, 1
GTYTBDNP,101, 0, 1, 0, 0, 0, 1
KG5ZXHOP,101, 0, 1, 0, 0, 0, 1
M9Q95MPP,101, 0, 1, 0, 0, 0, 1
XX79Y3QP,101, 0, 1, 0, 0, 0, 1
I7K16DQP,102, 1, 1, 0, 0, 0, 1
D94UPLQP,101, 0, 1, 0, 0, 0, 1
I62EQ6RP,101, 0, 1, 0, 0, 0, 1
ZNT479RP,101, 0, 1, 0, 0, 0, 1
CUM4CWRP,101, 0, 1, 0, 0, 0, 1
HOXUWNTP,101, 0, 1, 0, 0, 0, 1
Z5U6V6UP,101, 0, 1, 0, 0, 0, 1
3N43W3VP,101, 0, 1, 0, 0, 0, 1
PIE5BJVP,101, 0, 1, 0, 0, 0, 1
QQG6M2XP,101, 0, 1, 0, 0, 0, 1
7579R6XP,102, 1, 1, 0, 0, 0, 1
F8G58GXP,101, 0, 1, 0, 0, 0, 1
E7MYGYXP,101, 0, 1, 0, 0, 0, 1
IVYNC8YP,101, 0, 1, 0, 0, 0, 1
OH52Y8ZP,101, 0, 1, 0, 0, 0, 1
GJSPMWZP,101, 0, 1, 0, 0, 0, 1
DM9C8B2Q,101, 0, 1, 0, 0, 0, 1
9C4WLV2Q,101, 0, 1, 0, 0, 0, 1
54ZS8X2Q,101, 0, 1, 0, 0, 0, 1
DUEDP83Q,101, 0, 1, 0, 0, 0, 1
HYKMTI3Q,101, 0, 1, 0, 0, 0, 1
P3ED1K4Q,102, 1, 1, 0, 0, 0, 1
DALBNF5Q,101, 0, 1, 0, 0, 0, 1
EWRKUF5Q,101, 0, 1, 0, 0, 0, 1
WFBAOG5Q,101, 0, 1, 0, 0, 0, 1
IIBBLA6Q,101, 0, 1, 0, 0, 0, 1
C3SJKJ6Q,101, 0, 1, 0, 0, 0, 1
CP95SK6Q,101, 0, 1, 0, 0, 0, 1
IL2WGM7Q,102, 0, 1, 0, 0, 0, 2
WLWPSV7Q,101, 0, 1, 0, 0, 0, 1
Y6WM8A8Q,101, 0, 1, 0, 0, 0, 1
VG72PO9Q,101, 0, 1, 0, 0, 0, 1
KAZA5KAQ,101, 0, 1, 0, 0, 0, 1
JJW94YAQ,101, 0, 1, 0, 0, 0, 1
PA2S1XBQ,101, 0, 1, 0, 0, 0, 1
VIVQW3CQ,101, 0, 1, 0, 0, 0, 1
YD6Y26CQ,101, 0, 1, 0, 0, 0, 1
ZZ22JVCQ,102, 0, 1, 0, 0, 0, 2
WX65E4EQ,101, 0, 1, 0, 0, 0, 1
65N61BFQ,102, 1, 1, 0, 0, 0, 1
XZE71DIQ,101, 0, 1, 0, 0, 0, 1
LUWNPPIQ,101, 0, 1, 0, 0, 0, 1
C4NLUTIQ,101, 0, 1, 0, 0, 0, 1
EUZ9HWIQ,101, 0, 1, 0, 0, 0, 1
EPKU2YIQ,101, 0, 1, 0, 0, 0, 1
I2WXR9JQ,101, 0, 1, 0, 0, 0, 1
GMZB8CJQ,101, 0, 1, 0, 0, 0, 1
IUYOJOJQ,101, 0, 1, 0, 0, 0, 1
AZAKGSJQ,110, 0, 1, 0, 0, 1, 2
3J7O15LQ,101, 0, 1, 0, 0, 0, 1
VAZ1F9LQ,101, 0, 1, 0, 0, 0, 1
X1DZCNLQ,101, 0, 1, 0, 0, 0, 1
T4C23JNQ,101, 0, 1, 0, 0, 0, 1
FXAIBLNQ,101, 0, 1, 0, 0, 0, 1
9Z3R2DOQ,101, 0, 1, 0, 0, 0, 1
E7OLHHOQ,101, 0, 1, 0, 0, 0, 1
WMX4JWOQ,102, 1, 1, 0, 0, 0, 1
7ZL2J3PQ,101, 0, 1, 0, 0, 0, 1
O7QGYNPQ,101, 0, 1, 0, 0, 0, 1
FETODZPQ,101, 0, 1, 0, 0, 0, 1
MTHX3BQQ,101, 0, 1, 0, 0, 0, 1
9ET1RBRQ,101, 0, 1, 0, 0, 0, 1
T7225CRQ,102, 1, 1, 0, 0, 0, 1
VLNLGGRQ,101, 0, 1, 0, 0, 0, 1
2613SKRQ,101, 0, 1, 0, 0, 0, 1
JVY6O1SQ,102, 1, 1, 0, 0, 0, 1
RHEVLKSQ,101, 0, 1, 0, 0, 0, 1
VHI9OQSQ,101, 0, 1, 0, 0, 0, 1
XZN43NTQ,101, 0, 1, 0, 0, 0, 1
RNZ49OTQ,101, 0, 1, 0, 0, 0, 1
C9KYQSTQ,101, 0, 1, 0, 0, 0, 1
824ZP2UQ,101, 0, 1, 0, 0, 0, 1
86ITA9UQ,102, 1, 1, 0, 0, 0, 1
CTM6PDUQ,101, 0, 1, 0, 0, 0, 1
DZPMRQUQ,101, 0, 1, 0, 0, 0, 1
XMCO4PVQ,102, 1, 1, 0, 0, 0, 1
C9BGDUVQ,101, 0, 1, 0, 0, 0, 1
93ALUCWQ,101, 0, 1, 0, 0, 0, 1
8CX38RWQ,101, 0, 1, 0, 0, 0, 1
YTRLIOXQ,101, 0, 1, 0, 0, 0, 1
BR5MV3YQ,101, 0, 1, 0, 0, 0, 1
QC29W7YQ,101, 0, 1, 0, 0, 0, 1
3YE4IRYQ,101, 0, 1, 0, 0, 0, 1
B142RLZQ,101, 0, 1, 0, 0, 0, 1
DLFXTYZQ,101, 0, 1, 0, 0, 0, 1
CJ92151R,101, 0, 1, 0, 0, 0, 1
UI6EIC1R,101, 0, 1, 0, 0, 0, 1
869ATF1R,103, 2, 1, 0, 0, 0, 1
CXCXHK1R,101, 0, 1, 0, 0, 0, 1
LTGEJY2R,101, 0, 1, 0, 0, 0, 1
A7T7AU3R,101, 0, 1, 0, 0, 0, 1
2XCAA34R,101, 0, 1, 0, 0, 0, 1
I2ADM64R,101, 0, 1, 0, 0, 0, 1
C7XVHK4R,101, 0, 1, 0, 0, 0, 1
MDUT5S5R,101, 0, 1, 0, 0, 0, 1
LS7Y477R,101, 0, 1, 0, 0, 0, 1
6O8XMH7R,101, 0, 1, 0, 0, 0, 1
STKU5O7R,101, 0, 1, 0, 0, 0, 1
XKJ6TS8R,101, 0, 1, 0, 0, 0, 1
VJX1OU8R,102, 1, 1, 0, 0, 0, 1
DJ48RX8R,101, 0, 1, 0, 0, 0, 1
GAJNGZ8R,101, 0, 1, 0, 0, 0, 1
PJR1M59R,101, 0, 1, 0, 0, 0, 1
AHMCP89R,101, 0, 1, 0, 0, 0, 1
BMOCYL9R,102, 1, 1, 0, 0, 0, 1
3LWH26BR,101, 0, 1, 0, 0, 0, 1
W66EZPBR,102, 1, 1, 0, 0, 0, 1
6MVD1ICR,101, 0, 1, 0, 0, 0, 1
V3HN8ADR,101, 0, 1, 0, 0, 0, 1
BW91QBDR,101, 0, 1, 0, 0, 0, 1
A9F2ADER,101, 0, 1, 0, 0, 0, 1
T2AX3OER,101, 0, 1, 0, 0, 0, 1
9ODR1HFR,102, 1, 1, 0, 0, 0, 1
1BHVF2GR,101, 0, 1, 0, 0, 0, 1
NXN1XUGR,101, 0, 1, 0, 0, 0, 1
OJ9Z26HR,102, 1, 1, 0, 0, 0, 1
27DUMVHR,101, 0, 1, 0, 0, 0, 1
YMDTQTIR,101, 0, 1, 0, 0, 0, 1
35F273JR,101, 0, 1, 0, 0, 0, 1
G8UTIPJR,101, 0, 1, 0, 0, 0, 1
HTJGE2KR,101, 0, 1, 0, 0, 0, 1
P17219KR,101, 0, 1, 0, 0, 0, 1
CXLIMCKR,101, 0, 1, 0, 0, 0, 1
ICA72EKR,101, 0, 1, 0, 0, 0, 1
9OKRJFKR,101, 0, 1, 0, 0, 0, 1
8NADUTKR,101, 0, 1, 0, 0, 0, 1
X5CVFJLR,101, 0, 1, 0, 0, 0, 1
XZIXBZLR,101, 0, 1, 0, 0, 0, 1
X6QD6BMR,101, 0, 1, 0, 0, 0, 1
16PV1JMR,101, 0, 1, 0, 0, 0, 1
YAHUXXMR,101, 0, 1, 0, 0, 0, 1
7EX1CANR,101, 0, 1, 0, 0, 0, 1
SHOEOCOR,101, 0, 1, 0, 0, 0, 1
963XKEOR,101, 0, 1, 0, 0, 0, 1
FOO1RVOR,101, 0, 1, 0, 0, 0, 1
STXHO1PR,101, 0, 1, 0, 0, 0, 1
5WJBV6PR,101, 0, 1, 0, 0, 0, 1
Y57L5BPR,101, 0, 1, 0, 0, 0, 1
U5VM1NQR,101, 0, 1, 0, 0, 0, 1
Q6IHI6RR,102, 1, 1, 0, 0, 0, 1
MMYWSVRR,101, 0, 1, 0, 0, 0, 1
R943JGSR,101, 0, 1, 0, 0, 0, 1
IS5UV4TR,101, 0, 1, 0, 0, 0, 1
281OI7TR,101, 0, 1, 0, 0, 0, 1
VK2N5XTR,101, 0, 1, 0, 0, 0, 1
QP6R2YTR,101, 0, 1, 0, 0, 0, 1
4QTRM7UR,101, 0, 1, 0, 0, 0, 1
5JGXQMUR,101, 0, 1, 0, 0, 0, 1
Q3QAKTUR,103, 1, 1, 0, 0, 0, 2
G2DRM2VR,101, 0, 1, 0, 0, 0, 1
DUMYV7WR,101, 0, 1, 0, 0, 0, 1
7OH4XBWR,101, 0, 1, 0, 0, 0, 1
PQDBULWR,101, 0, 1, 0, 0, 0, 1
P6O1WBXR,101, 0, 1, 0, 0, 0, 1
KHUONBXR,101, 0, 1, 0, 0, 0, 1
59ADKLXR,101, 0, 1, 0, 0, 0, 1
V4GQYIYR,101, 0, 1, 0, 0, 0, 1
M52K98ZR,102, 1, 1, 0, 0, 0, 1
D598O8ZR,101, 0, 1, 0, 0, 0, 1
ZHYZZAZR,101, 0, 1, 0, 0, 0, 1
7YZTCFZR,101, 0, 1, 0, 0, 0, 1
3U7HBGZR,101, 0, 1, 0, 0, 0, 1
2E5RZYZR,101, 0, 1, 0, 0, 0, 1
GLS9M21S,101, 0, 1, 0, 0, 0, 1
ULSQ5N2S,101, 0, 1, 0, 0, 0, 1
GKXLLN2S,101, 0, 1, 0, 0, 0, 1
5B9E4K3S,101, 0, 1, 0, 0, 0, 1
IALQ7L3S,102, 0, 1, 0, 0, 0, 2
VM5EF34S,101, 0, 1, 0, 0, 0, 1
SE8D974S,102, 1, 1, 0, 0, 0, 1
88NTKC4S,101, 0, 1, 0, 0, 0, 1
ZA62Z85S,101, 0, 1, 0, 0, 0, 1
RJO1UF5S,101, 0, 1, 0, 0, 0, 1
IVXOKE6S,101, 0, 1, 0, 0, 0, 1
AAHMBK6S,101, 0, 1, 0, 0, 0, 1
9TFQTS6S,101, 0, 1, 0, 0, 0, 1
IE7UV58S,101, 0, 1, 0, 0, 0, 1
58CZIK8S,101, 0, 1, 0, 0, 0, 1
HS6HZL8S,101, 0, 1, 0, 0, 0, 1
TM9D3X8S,101, 0, 1, 0, 0, 0, 1
89HUGC9S,101, 0, 1, 0, 0, 0, 1
QMPZMH9S,101, 0, 1, 0, 0, 0, 1
6925IDAS,101, 0, 1, 0, 0, 0, 1
P1VOZUAS,101, 0, 1, 0, 0, 0, 1
KICH8BBS,101, 0, 1, 0, 0, 0, 1
ZLS4QEBS,101, 0, 1, 0, 0, 0, 1
4EQKCLBS,101, 0, 1, 0, 0, 0, 1
L1C95NCS,101, 0, 1, 0, 0, 0, 1
CJXW37DS,101, 0, 1, 0, 0, 0, 1
KP4AEEDS,101, 0, 1, 0, 0, 0, 1
RDHESUDS,101, 0, 1, 0, 0, 0, 1
Y2WVHVDS,101, 0, 1, 0, 0, 0, 1
BKJ4A2ES,101, 0, 1, 0, 0, 0, 1
2CJMAFES,101, 0, 1, 0, 0, 0, 1
9XUZ4PES,101, 0, 1, 0, 0, 0, 1
3XOSSLFS,101, 0, 1, 0, 0, 0, 1
W4R89WFS,101, 0, 1, 0, 0, 0, 1
MVIRZ1GS,101, 0, 1, 0, 0, 0, 1
RI59W7GS,101, 0, 1, 0, 0, 0, 1
4S5G4GGS,101, 0, 1, 0, 0, 0, 1
ASC4BSHS,101, 0, 1, 0, 0, 0, 1
YFSYF1IS,102, 1, 1, 0, 0, 0, 1
JITOUQIS,101, 0, 1, 0, 0, 0, 1
BHCUPRIS,101, 0, 1, 0, 0, 0, 1
A44A85JS,101, 0, 1, 0, 0, 0, 1
6R5RL9JS,101, 0, 1, 0, 0, 0, 1
GL7FFLJS,101, 0, 1, 0, 0, 0, 1
DPQZ9YKS,102, 1, 1, 0, 0, 0, 1
M9122NLS,101, 0, 1, 0, 0, 0, 1
AYB8KNMS,101, 0, 1, 0, 0, 0, 1
I66DW5NS,101, 0, 1, 0, 0, 0, 1
15L11CNS,101, 0, 1, 0, 0, 0, 1
DRQJYMNS,101, 0, 1, 0, 0, 0, 1
NCPKS2OS,101, 0, 1, 0, 0, 0, 1
4WGBEOOS,101, 0, 1, 0, 0, 0, 1
IJ1H3LRS,101, 0, 1, 0, 0, 0, 1
A3VI8WRS,101, 0, 1, 0, 0, 0, 1
PPS4K3SS,101, 0, 1, 0, 0, 0, 1
2CTP7RSS,101, 0, 1, 0, 0, 0, 1
49EUR8TS,101, 0, 1, 0, 0, 0, 1
NVFA3ZTS,102, 1, 1, 0, 0, 0, 1
HAFTI7US,101, 0, 1, 0, 0, 0, 1
87222LUS,101, 0, 1, 0, 0, 0, 1
B9Y92MUS,101, 0, 1, 0, 0, 0, 1
DDBVFQUS,101, 0, 1, 0, 0, 0, 1
GII7QUUS,101, 0, 1, 0, 0, 0, 1
DWD6KWUS,101, 0, 1, 0, 0, 0, 1
XLY9Y3VS,101, 0, 1, 0, 0, 0, 1
XLYWO5VS,101, 0, 1, 0, 0, 0, 1
6EKVAEVS,101, 0, 1, 0, 0, 0, 1
5N381NVS,101, 0, 1, 0, 0, 0, 1
N5A6J6WS,102, 1, 1, 0, 0, 0, 1
UGUPAOWS,101, 0, 1, 0, 0, 0, 1
K6DYDQWS,102, 1, 1, 0, 0, 0, 1
C14C8UWS,101, 0, 1, 0, 0, 0, 1
1NEVFGXS,101, 0, 1, 0, 0, 0, 1
82P7PVXS,101, 0, 1, 0, 0, 0, 1
2DD473ZS,101, 0, 1, 0, 0, 0, 1
X93SW3ZS,101, 0, 1, 0, 0, 0, 1
9IEYQ8ZS,101, 0, 1, 0, 0, 0, 1
Q6QMNEZS,101, 0, 1, 0, 0, 0, 1
YJVI8MZS,101, 0, 1, 0, 0, 0, 1
H7ONXRZS,101, 0, 1, 0, 0, 0, 1
ECLGUZZS,101, 0, 1, 0, 0, 0, 1
WH9R581T,102, 1, 1, 0, 0, 0, 1
DOCRXX1T,101, 0, 1, 0, 0, 0, 1
IQXML82T,101, 0, 1, 0, 0, 0, 1
1X3TI92T,101, 0, 1, 0, 0, 0, 1
JSMAFZ2T,101, 0, 1, 0, 0, 0, 1
MR11NC3T,101, 0, 1, 0, 0, 0, 1
B4J87N3T,101, 0, 1, 0, 0, 0, 1
OPGP374T,101, 0, 1, 0, 0, 0, 1
FIRPAV4T,102, 1, 1, 0, 0, 0, 1
F9LD2B5T,101, 0, 1, 0, 0, 0, 1
SOFS9G5T,102, 0, 1, 0, 0, 0, 2
7EHE5T5T,101, 0, 1, 0, 0, 0, 1
E2V96Z5T,101, 0, 1, 0, 0, 0, 1
Z7VTX36T,101, 0, 1, 0, 0, 0, 1
V1JFGJ6T,102, 1, 1, 0, 0, 0, 1
BLZH857T,101, 0, 1, 0, 0, 0, 1
DBAVD57T,101, 0, 1, 0, 0, 0, 1
KDRV9B7T,101, 0, 1, 0, 0, 0, 1
6PEQCZ7T,101, 0, 1, 0, 0, 0, 1
W9L4B69T,101, 0, 1, 0, 0, 0, 1
W3SXRBAT,101, 0, 1, 0, 0, 0, 1
NO413XAT,101, 0, 1, 0, 0, 0, 1
QZFBAKBT,101, 0, 1, 0, 0, 0, 1
AEKEA5CT,101, 0, 1, 0, 0, 0, 1
JNDPMOCT,101, 0, 1, 0, 0, 0, 1
XGMNPPCT,101, 0, 1, 0, 0, 0, 1
XQ17OXDT,101, 0, 1, 0, 0, 0, 1
QYUH4UFT,101, 0, 1, 0, 0, 0, 1
RM14SHGT,101, 0, 1, 0, 0, 0, 1
9OD49XGT,101, 0, 1, 0, 0, 0, 1
WL87B5HT,101, 0, 1, 0, 0, 0, 1
8LE4UCHT,101, 0, 1, 0, 0, 0, 1
8KOBANHT,101, 0, 1, 0, 0, 0, 1
OMM14PHT,101, 0, 1, 0, 0, 0, 1
TDHBXGIT,102, 0, 1, 0, 0, 0, 2
I2I3DSIT,101, 0, 1, 0, 0, 0, 1
99SSDSIT,101, 0, 1, 0, 0, 0, 1
4TNQ8WIT,101, 0, 1, 0, 0, 0, 1
S5D7MDJT,101, 0, 1, 0, 0, 0, 1
99U45EJT,101, 0, 1, 0, 0, 0, 1
2B3Z5FJT,101, 0, 1, 0, 0, 0, 1
8YZL7RKT,102, 1, 1, 0, 0, 0, 1
6RLQQALT,102, 1, 1, 0, 0, 0, 1
XQJ9JKLT,101, 0, 1, 0, 0, 0, 1
4M5X1LLT,101, 0, 1, 0, 0, 0, 1
OKWXJSLT,101, 0, 1, 0, 0, 0, 1
WSPZNTLT,101, 0, 1, 0, 0, 0, 1
7W1ZDYLT,102, 1, 1, 0, 0, 0, 1
33VBUYLT,101, 0, 1, 0, 0, 0, 1
CTLA61MT,101, 0, 1, 0, 0, 0, 1
U2CM4GMT,101, 0, 1, 0, 0, 0, 1
UVQ2SYMT,101, 0, 1, 0, 0, 0, 1
CF5T8BNT,101, 0, 1, 0, 0, 0, 1
GC84ZCOT,102, 1, 1, 0, 0, 0, 1
9UEWXDOT,101, 0, 1, 0, 0, 0, 1
V665O4PT,102, 1, 1, 0, 0, 0, 1
HDT315PT,101, 0, 1, 0, 0, 0, 1
C2HK47PT,101, 0, 1, 0, 0, 0, 1
VS78YRPT,101, 0, 1, 0, 0, 0, 1
1B8VM3QT,101, 0, 1, 0, 0, 0, 1
8RH1B8QT,101, 0, 1, 0, 0, 0, 1
GVHIPTQT,101, 0, 1, 0, 0, 0, 1
H8MUO7ST,101, 0, 1, 0, 0, 0, 1
WUKZG1UT,102, 1, 1, 0, 0, 0, 1
JXQ8Z3UT,101, 0, 1, 0, 0, 0, 1
83K156UT,101, 0, 1, 0, 0, 0, 1
VX6892VT,101, 0, 1, 0, 0, 0, 1
34YWHAVT,101, 0, 1, 0, 0, 0, 1
4L97KOVT,101, 0, 1, 0, 0, 0, 1
FQSYVYVT,101, 0, 1, 0, 0, 0, 1
OSQ51BWT,101, 0, 1, 0, 0, 0, 1
NLI7QVWT,101, 0, 1, 0, 0, 0, 1
LFE6DIXT,101, 0, 1, 0, 0, 0, 1
6NXQOPXT,101, 0, 1, 0, 0, 0, 1
X5KN2QXT,101, 0, 1, 0, 0, 0, 1
4IKWDVXT,101, 0, 1, 0, 0, 0, 1
MYIOH5YT,101, 0, 1, 0, 0, 0, 1
UL2L4CYT,101, 0, 1, 0, 0, 0, 1
98DSPOYT,101, 0, 1, 0, 0, 0, 1
2XXF8TZT,101, 0, 1, 0, 0, 0, 1
SZAIJ21U,101, 0, 1, 0, 0, 0, 1
R1K1PA1U,101, 0, 1, 0, 0, 0, 1
98GUB52U,101, 0, 1, 0, 0, 0, 1
ZET51G2U,101, 0, 1, 0, 0, 0, 1
TRFGEA3U,101, 0, 1, 0, 0, 0, 1
8CGQFN3U,102, 1, 1, 0, 0, 0, 1
YW8VGQ3U,101, 0, 1, 0, 0, 0, 1
78W2SV3U,101, 0, 1, 0, 0, 0, 1
4CSR5C4U,101, 0, 1, 0, 0, 0, 1
3GSXIW4U,101, 0, 1, 0, 0, 0, 1
HKZZ835U,101, 0, 1, 0, 0, 0, 1
PJHFV55U,101, 0, 1, 0, 0, 0, 1
637D8I5U,101, 0, 1, 0, 0, 0, 1
K2794V5U,101, 0, 1, 0, 0, 0, 1
ZSE3W47U,101, 0, 1, 0, 0, 0, 1
A154UD7U,101, 0, 1, 0, 0, 0, 1
SSDA4T7U,101, 0, 1, 0, 0, 0, 1
MTNUIB8U,101, 0, 1, 0, 0, 0, 1
GNFRXN8U,101, 0, 1, 0, 0, 0, 1
6JEQSU8U,102, 1, 1, 0, 0, 0, 1
NY1WGV8U,102, 1, 1, 0, 0, 0, 1
NIGYXF9U,101, 0, 1, 0, 0, 0, 1
8AH5FV9U,102, 1, 1, 0, 0, 0, 1
7S6P5JAU,101, 0, 1, 0, 0, 0, 1
IWY9MGBU,101, 0, 1, 0, 0, 0, 1
6RFXHRBU,101, 0, 1, 0, 0, 0, 1
56TV3TBU,101, 0, 1, 0, 0, 0, 1
59AVF3CU,101, 0, 1, 0, 0, 0, 1
3869IZCU,101, 0, 1, 0, 0, 0, 1
OJFQDIDU,101, 0, 1, 0, 0, 0, 1
6XQNUQDU,101, 0, 1, 0, 0, 0, 1
PHKG63FU,101, 0, 1, 0, 0, 0, 1
7GG7YCFU,102, 1, 1, 0, 0, 0, 1
XJVM6DFU,101, 0, 1, 0, 0, 0, 1
EYHRZHFU,101, 0, 1, 0, 0, 0, 1
MBLIAIHU,101, 0, 1, 0, 0, 0, 1
RVFGDNHU,101, 0, 1, 0, 0, 0, 1
22SCDQIU,101, 0, 1, 0, 0, 0, 1
HOZ6BTIU,101, 0, 1, 0, 0, 0, 1
MCQ95WJU,101, 0, 1, 0, 0, 0, 1
6JZ5KXJU,101, 0, 1, 0, 0, 0, 1
DPI9BHMU,102, 1, 1, 0, 0, 0, 1
TKXSXANU,101, 0, 1, 0, 0, 0, 1
HIOL9RNU,101, 0, 1, 0, 0, 0, 1
GBM29LPU,101, 0, 1, 0, 0, 0, 1
V6Y1NUPU,101, 0, 1, 0, 0, 0, 1
NLIBRWPU,101, 0, 1, 0, 0, 0, 1
G6JCDYRU,101, 0, 1, 0, 0, 0, 1
I74E8NSU,101, 0, 1, 0, 0, 0, 1
QGOBZSSU,101, 0, 1, 0, 0, 0, 1
DXAV6XSU,101, 0, 1, 0, 0, 0, 1
RTJARXSU,101, 0, 1, 0, 0, 0, 1
IK6UCFUU,101, 0, 1, 0, 0, 0, 1
JDA8OHUU,101, 0, 1, 0, 0, 0, 1
5NNYMKUU,101, 0, 1, 0, 0, 0, 1
VSKAE1VU,102, 1, 1, 0, 0, 0, 1
9Q7Y71VU,101, 0, 1, 0, 0, 0, 1
GVL6G7VU,101, 0, 1, 0, 0, 0, 1
F28E6FVU,101, 0, 1, 0, 0, 0, 1
697HAGWU,101, 0, 1, 0, 0, 0, 1
SLMGYLWU,101, 0, 1, 0, 0, 0, 1
LBX7GVWU,101, 0, 1, 0, 0, 0, 1
D6GNW3XU,101, 0, 1, 0, 0, 0, 1
NLGIHMXU,101, 0, 1, 0, 0, 0, 1
WLDJVZXU,101, 0, 1, 0, 0, 0, 1
HD3AU4YU,101, 0, 1, 0, 0, 0, 1
SJDIDQYU,101, 0, 1, 0, 0, 0, 1
7XV749ZU,101, 0, 1, 0, 0, 0, 1
IBFOP52V,101, 0, 1, 0, 0, 0, 1
TSMMCI2V,101, 0, 1, 0, 0, 0, 1
QGBIK23V,101, 0, 1, 0, 0, 0, 1
7JZPI23V,101, 0, 1, 0, 0, 0, 1
YYFGXS4V,101, 0, 1, 0, 0, 0, 1
B7O3WY4V,101, 0, 1, 0, 0, 0, 1
GH68CU6V,101, 0, 1, 0, 0, 0, 1
114LV27V,101, 0, 1, 0, 0, 0, 1
K2PGPA7V,101, 0, 1, 0, 0, 0, 1
MVHA6C7V,101, 0, 1, 0, 0, 0, 1
892N8O7V,102, 1, 1, 0, 0, 0, 1
4P62RW8V,102, 1, 1, 0, 0, 0, 1
YUEHRC9V,101, 0, 1, 0, 0, 0, 1
1D8VNHAV,101, 0, 1, 0, 0, 0, 1
QH9NQMBV,101, 0, 1, 0, 0, 0, 1
YTGZQNBV,101, 0, 1, 0, 0, 0, 1
F9IX54CV,101, 0, 1, 0, 0, 0, 1
Z8Y5I8CV,101, 0, 1, 0, 0, 0, 1
GQ2LYACV,101, 0, 1, 0, 0, 0, 1
LQIQGBCV,101, 0, 1, 0, 0, 0, 1
GP6PDGEV,101, 0, 1, 0, 0, 0, 1
9MTJ9WEV,101, 0, 1, 0, 0, 0, 1
N72D6YEV,101, 0, 1, 0, 0, 0, 1
UWKDNEFV,103, 2, 1, 0, 0, 0, 1
171IT4GV,101, 0, 1, 0, 0, 0, 1
ROIAX9GV,101, 0, 1, 0, 0, 0, 1
SYOSSNGV,101, 0, 1, 0, 0, 0, 1
YVINHMIV,101, 0, 1, 0, 0, 0, 1
ZYPXBQIV,101, 0, 1, 0, 0, 0, 1
CTWMQGJV,101, 0, 1, 0, 0, 0, 1
GCYUNGJV,101, 0, 1, 0, 0, 0, 1
SQ3WIXJV,102, 1, 1, 0, 0, 0, 1
J68SPMLV,102, 1, 1, 0, 0, 0, 1
8KJUNWLV,101, 0, 1, 0, 0, 0, 1
Y5GXI1MV,101, 0, 1, 0, 0, 0, 1
ELOGDDMV,101, 0, 1, 0, 0, 0, 1
IJSM8TMV,101, 0, 1, 0, 0, 0, 1
RSFEC1NV,101, 0, 1, 0, 0, 0, 1
5ICKTMNV,101, 0, 1, 0, 0, 0, 1
IGHAKTOV,102, 0, 1, 0, 0, 0, 2
TZMW99PV,101, 0, 1, 0, 0, 0, 1
GGNOHAPV,102, 1, 1, 0, 0, 0, 1
FBXD8GPV,101, 0, 1, 0, 0, 0, 1
XPKSKQPV,101, 0, 1, 0, 0, 0, 1
LRIT5TPV,102, 1, 1, 0, 0, 0, 1
8DBDYUPV,101, 0, 1, 0, 0, 0, 1
5UOQEXPV,101, 0, 1, 0, 0, 0, 1
5K1HDCQV,101, 0, 1, 0, 0, 0, 1
KRC59PQV,101, 0, 1, 0, 0, 0, 1
767VBPRV,101, 0, 1, 0, 0, 0, 1
GOH29BSV,101, 0, 1, 0, 0, 0, 1
WASZHFSV,101, 0, 1, 0, 0, 0, 1
Q1XPI8TV,101, 0, 1, 0, 0, 0, 1
U2I9QGTV,101, 0, 1, 0, 0, 0, 1
WKQB5GUV,101, 0, 1, 0, 0, 0, 1
7GMWX3VV,101, 0, 1, 0, 0, 0, 1
2IFWC6VV,102, 1, 1, 0, 0, 0, 1
WB7NS9VV,102, 0, 1, 0, 0, 0, 2
YXJ1MXVV,101, 0, 1, 0, 0, 0, 1
GJ9MUZVV,101, 0, 1, 0, 0, 0, 1
8AUIU6XV,102, 1, 1, 0, 0, 0, 1
HN8K1TXV,101, 0, 1, 0, 0, 0, 1
KU98DBYV,101, 0, 1, 0, 0, 0, 1
DRUI7TYV,101, 0, 1, 0, 0, 0, 1
2MW14AZV,101, 0, 1, 0, 0, 0, 1
U85LEGZV,101, 0, 1, 0, 0, 0, 1
SV7METZV,101, 0, 1, 0, 0, 0, 1
3LZV3ZZV,102, 1, 1, 0, 0, 0, 1
1V1PQM1W,101, 0, 1, 0, 0, 0, 1
8MZA9P1W,101, 0, 1, 0, 0, 0, 1
2D6SDZ2W,101, 0, 1, 0, 0, 0, 1
HC9LYZ3W,101, 0, 1, 0, 0, 0, 1
XHUOBC4W,102, 1, 1, 0, 0, 0, 1
N15HP65W,101, 0, 1, 0, 0, 0, 1
8VF6X27W,101, 0, 1, 0, 0, 0, 1
CZ5B1G7W,101, 0, 1, 0, 0, 0, 1
K7LXLH7W,101, 0, 1, 0, 0, 0, 1
E9BFLY7W,101, 0, 1, 0, 0, 0, 1
S5M3C58W,101, 0, 1, 0, 0, 0, 1
V14FHE8W,102, 1, 1, 0, 0, 0, 1
GJE8ST8W,101, 0, 1, 0, 0, 0, 1
O72P5G9W,101, 0, 1, 0, 0, 0, 1
KMANUK9W,102, 0, 1, 0, 0, 0, 2
6ZZFUO9W,101, 0, 1, 0, 0, 0, 1
BIBDHV9W,102, 0, 1, 0, 0, 0, 2
FH9QHDAW,101, 0, 1, 0, 0, 0, 1
LL2RXMAW,101, 0, 1, 0, 0, 0, 1
BW8G8EBW,101, 0, 1, 0, 0, 0, 1
O2IL3FBW,101, 0, 1, 0, 0, 0, 1
WG69FYBW,101, 0, 1, 0, 0, 0, 1
RH9SGBCW,101, 0, 1, 0, 0, 0, 1
7WS45NCW,101, 0, 1, 0, 0, 0, 1
CL2RZNCW,102, 1, 1, 0, 0, 0, 1
4S8FEDDW,101, 0, 1, 0, 0, 0, 1
XOA2WYDW,101, 0, 1, 0, 0, 0, 1
KA4D13EW,101, 0, 1, 0, 0, 0, 1
MIY3AAEW,101, 0, 1, 0, 0, 0, 1
5LZC9NEW,101, 0, 1, 0, 0, 0, 1
WH8FG9GW,101, 0, 1, 0, 0, 0, 1
7C4JSHGW,101, 0, 1, 0, 0, 0, 1
TY5521HW,101, 0, 1, 0, 0, 0, 1
WSFNV4HW,101, 0, 1, 0, 0, 0, 1
S72ETDHW,101, 0, 1, 0, 0, 0, 1
K7PDHIHW,101, 0, 1, 0, 0, 0, 1
24OCGRHW,101, 0, 1, 0, 0, 0, 1
B54VO6IW,101, 0, 1, 0, 0, 0, 1
37J4ADIW,101, 0, 1, 0, 0, 0, 1
SU7LIJIW,101, 0, 1, 0, 0, 0, 1
5KSQ5QIW,102, 1, 1, 0, 0, 0, 1
F69CZ3JW,101, 0, 1, 0, 0, 0, 1
KU5X2KLW,101, 0, 1, 0, 0, 0, 1
ROPUVLLW,101, 0, 1, 0, 0, 0, 1
XCWOPMLW,102, 1, 1, 0, 0, 0, 1
7RG7JHMW,102, 1, 1, 0, 0, 0, 1
JNO679NW,101, 0, 1, 0, 0, 0, 1
P7MT8ENW,101, 0, 1, 0, 0, 0, 1
A9JRENNW,101, 0, 1, 0, 0, 0, 1
GDHHEIOW,101, 0, 1, 0, 0, 0, 1
YPE66BPW,101, 0, 1, 0, 0, 0, 1
MEGI9OPW,101, 0, 1, 0, 0, 0, 1
OGHCO8QW,101, 0, 1, 0, 0, 0, 1
OTRMQFQW,101, 0, 1, 0, 0, 0, 1
F2Y29RQW,101, 0, 1, 0, 0, 0, 1
3JQC4WQW,101, 0, 1, 0, 0, 0, 1
OXJ2Q8RW,101, 0, 1, 0, 0, 0, 1
GJTN9DRW,101, 0, 1, 0, 0, 0, 1
JGB9UFSW,101, 0, 1, 0, 0, 0, 1
STTOAJSW,101, 0, 1, 0, 0, 0, 1
2QED9XSW,101, 0, 1, 0, 0, 0, 1
DQQ6WXSW,101, 0, 1, 0, 0, 0, 1
QOSKM5TW,101, 0, 1, 0, 0, 0, 1
1QXMVLTW,101, 0, 1, 0, 0, 0, 1
O2CZK9UW,101, 0, 1, 0, 0, 0, 1
JWFFUDUW,101, 0, 1, 0, 0, 0, 1
353TLIUW,101, 0, 1, 0, 0, 0, 1
ZIS4D2WW,101, 0, 1, 0, 0, 0, 1
LFXIOPWW,101, 0, 1, 0, 0, 0, 1
3YTAE8XW,101, 0, 1, 0, 0, 0, 1
ERNFUKXW,101, 0, 1, 0, 0, 0, 1
92D1H3YW,101, 0, 1, 0, 0, 0, 1
VKN5GEYW,101, 0, 1, 0, 0, 0, 1
RTOMGMZW,101, 0, 1, 0, 0, 0, 1
T737KOZW,101, 0, 1, 0, 0, 0, 1
LXN1DM1X,101, 0, 1, 0, 0, 0, 1
4HIT912X,101, 0, 1, 0, 0, 0, 1
MDBRND2X,101, 0, 1, 0, 0, 0, 1
M8ECGN3X,101, 0, 1, 0, 0, 0, 1
RAT69U3X,103, 2, 1, 0, 0, 0, 1
K8MSG14X,101, 0, 1, 0, 0, 0, 1
5HUKH15X,101, 0, 1, 0, 0, 0, 1
2YSIMG5X,101, 0, 1, 0, 0, 0, 1
H4713S5X,101, 0, 1, 0, 0, 0, 1
F57GZ96X,101, 0, 1, 0, 0, 0, 1
HPZ8DC6X,101, 0, 1, 0, 0, 0, 1
NTH8NE7X,102, 1, 1, 0, 0, 0, 1
YUT2KW7X,101, 0, 1, 0, 0, 0, 1
3JP6DI8X,101, 0, 1, 0, 0, 0, 1
TPGKPX8X,101, 0, 1, 0, 0, 0, 1
JOZ16I9X,101, 0, 1, 0, 0, 0, 1
DU76MK9X,101, 0, 1, 0, 0, 0, 1
91IA2T9X,101, 0, 1, 0, 0, 0, 1
KDTHYPAX,101, 0, 1, 0, 0, 0, 1
4Z4UGSAX,101, 0, 1, 0, 0, 0, 1
E9E2ZVAX,101, 0, 1, 0, 0, 0, 1
H685O5CX,101, 0, 1, 0, 0, 0, 1
BY6UQIDX,101, 0, 1, 0, 0, 0, 1
7FPADXDX,101, 0, 1, 0, 0, 0, 1
1X7RWFEX,101, 0, 1, 0, 0, 0, 1
7YWX5VFX,102, 1, 1, 0, 0, 0, 1
5QSN2AGX,101, 0, 1, 0, 0, 0, 1
66HCWCHX,101, 0, 1, 0, 0, 0, 1
4KGLZHHX,101, 0, 1, 0, 0, 0, 1
HMZ3XLHX,101, 0, 1, 0, 0, 0, 1
75HBDRIX,101, 0, 1, 0, 0, 0, 1
U5OL5NJX,101, 0, 1, 0, 0, 0, 1
9WTSNLKX,101, 0, 1, 0, 0, 0, 1
3SGF14LX,101, 0, 1, 0, 0, 0, 1
15933CLX,101, 0, 1, 0, 0, 0, 1
11TNH1MX,101, 0, 1, 0, 0, 0, 1
7DMLN3MX,102, 0, 1, 0, 0, 0, 2
YIP98ZMX,102, 1, 1, 0, 0, 0, 1
DG6B21OX,101, 0, 1, 0, 0, 0, 1
TV6Y48OX,101, 0, 1, 0, 0, 0, 1
YX5P9TOX,101, 0, 1, 0, 0, 0, 1
F3QUPUOX,102, 1, 1, 0, 0, 0, 1
CR82FAQX,101, 0, 1, 0, 0, 0, 1
8CZ4M4RX,101, 0, 1, 0, 0, 0, 1
L42SLFRX,101, 0, 1, 0, 0, 0, 1
UB9HLLRX,101, 0, 1, 0, 0, 0, 1
43YGQSRX,101, 0, 1, 0, 0, 0, 1
NFKRY4SX,101, 0, 1, 0, 0, 0, 1
8X2XBFSX,101, 0, 1, 0, 0, 0, 1
CEMT9HSX,101, 0, 1, 0, 0, 0, 1
4PADYHSX,101, 0, 1, 0, 0, 0, 1
ZOA1UPSX,101, 0, 1, 0, 0, 0, 1
9NFPVGTX,101, 0, 1, 0, 0, 0, 1
IGEMSOTX,101, 0, 1, 0, 0, 0, 1
H2ULG3UX,102, 1, 1, 0, 0, 0, 1
NKR5RJUX,101, 0, 1, 0, 0, 0, 1
IAKB3KUX,101, 0, 1, 0, 0, 0, 1
FL3DFLVX,101, 0, 1, 0, 0, 0, 1
CWGQ4MVX,101, 0, 1, 0, 0, 0, 1
8LAH6GWX,101, 0, 1, 0, 0, 0, 1
8FQEJIXX,101, 0, 1, 0, 0, 0, 1
FUQO5LXX,102, 1, 1, 0, 0, 0, 1
8QLV9YXX,101, 0, 1, 0, 0, 0, 1
ZNQH92YX,101, 0, 1, 0, 0, 0, 1
IMQATAYX,101, 0, 1, 0, 0, 0, 1
WLDWYSYX,101, 0, 1, 0, 0, 0, 1
C9W7KTYX,101, 0, 1, 0, 0, 0, 1
J3UO6FZX,101, 0, 1, 0, 0, 0, 1
L72ZWSZX,101, 0, 1, 0, 0, 0, 1
WWWO591Y,101, 0, 1, 0, 0, 0, 1
CQAYAL1Y,101, 0, 1, 0, 0, 0, 1
NZ6O213Y,101, 0, 1, 0, 0, 0, 1
Y5MN864Y,101, 0, 1, 0, 0, 0, 1
HHZOWE5Y,101, 0, 1, 0, 0, 0, 1
UJOVVT5Y,101, 0, 1, 0, 0, 0, 1
U54SC66Y,101, 0, 1, 0, 0, 0, 1
I1DLRF7Y,101, 0, 1, 0, 0, 0, 1
4KV2V18Y,101, 0, 1, 0, 0, 0, 1
TGIHSQ9Y,101, 0, 1, 0, 0, 0, 1
E1G873AY,101, 0, 1, 0, 0, 0, 1
U4ZEXOBY,101, 0, 1, 0, 0, 0, 1
I3H3UTBY,101, 0, 1, 0, 0, 0, 1
71CI64DY,101, 0, 1, 0, 0, 0, 1
IRO3LCDY,101, 0, 1, 0, 0, 0, 1
ICWPBMDY,101, 0, 1, 0, 0, 0, 1
WAVUKODY,101, 0, 1, 0, 0, 0, 1
6QWEINEY,101, 0, 1, 0, 0, 0, 1
56WZ2LFY,101, 0, 1, 0, 0, 0, 1
66KMVLFY,101, 0, 1, 0, 0, 0, 1
J3APOWFY,101, 0, 1, 0, 0, 0, 1
PS9BUXFY,101, 0, 1, 0, 0, 0, 1
QJVO8YFY,101, 0, 1, 0, 0, 0, 1
YXQNN3GY,101, 0, 1, 0, 0, 0, 1
WB96Q8GY,101, 0, 1, 0, 0, 0, 1
RAX8BCGY,101, 0, 1, 0, 0, 0, 1
WU15UDGY,101, 0, 1, 0, 0, 0, 1
EER91HGY,101, 0, 1, 0, 0, 0, 1
QR6T69HY,101, 0, 1, 0, 0, 0, 1
75J3DQHY,102, 0, 1, 0, 0, 0, 2
UJAXISHY,102, 1, 1, 0, 0, 0, 1
F5AKO4IY,101, 0, 1, 0, 0, 0, 1
II4P25IY,101, 0, 1, 0, 0, 0, 1
C7GS8BIY,101, 0, 1, 0, 0, 0, 1
VPN8GLIY,101, 0, 1, 0, 0, 0, 1
J91M2GJY,101, 0, 1, 0, 0, 0, 1
381F4ZJY,101, 0, 1, 0, 0, 0, 1
FHEVL2KY,101, 0, 1, 0, 0, 0, 1
58JJUGKY,101, 0, 1, 0, 0, 0, 1
HVPMWQKY,101, 0, 1, 0, 0, 0, 1
2H66H6MY,101, 0, 1, 0, 0, 0, 1
WLT9BGMY,101, 0, 1, 0, 0, 0, 1
5N78LWMY,101, 0, 1, 0, 0, 0, 1
FPMLK4NY,102, 1, 1, 0, 0, 0, 1
TMS7BDOY,101, 0, 1, 0, 0, 0, 1
7LEDEHOY,102, 1, 1, 0, 0, 0, 1
M3AY5SOY,101, 0, 1, 0, 0, 0, 1
ULH6TOPY,101, 0, 1, 0, 0, 0, 1
QAARYUPY,101, 0, 1, 0, 0, 0, 1
JFMDW9RY,101, 0, 1, 0, 0, 0, 1
EFNV3FRY,101, 0, 1, 0, 0, 0, 1
UPRT9JRY,101, 0, 1, 0, 0, 0, 1
MJVFBURY,101, 0, 1, 0, 0, 0, 1
9HXFDXRY,101, 0, 1, 0, 0, 0, 1
151UGQSY,101, 0, 1, 0, 0, 0, 1
IH3675TY,101, 0, 1, 0, 0, 0, 1
OIQWTIUY,101, 0, 1, 0, 0, 0, 1
TFYZAXUY,101, 0, 1, 0, 0, 0, 1
OPA7L8VY,101, 0, 1, 0, 0, 0, 1
FDYBSHVY,101, 0, 1, 0, 0, 0, 1
CNANCGWY,102, 1, 1, 0, 0, 0, 1
NTT35HWY,101, 0, 1, 0, 0, 0, 1
IUHTJUWY,101, 0, 1, 0, 0, 0, 1
R2DZPYWY,101, 0, 1, 0, 0, 0, 1
4Z8KFZXY,102, 1, 1, 0, 0, 0, 1
JBTHL1ZY,101, 0, 1, 0, 0, 0, 1
YZHNL21Z,101, 0, 1, 0, 0, 0, 1
8MWJDF1Z,101, 0, 1, 0, 0, 0, 1
MTP4XL3Z,101, 0, 1, 0, 0, 0, 1
U1R7LQ3Z,101, 0, 1, 0, 0, 0, 1
3547M94Z,101, 0, 1, 0, 0, 0, 1
G7197E4Z,101, 0, 1, 0, 0, 0, 1
D3144Z4Z,101, 0, 1, 0, 0, 0, 1
QUYU855Z,101, 0, 1, 0, 0, 0, 1
RB94WC5Z,102, 0, 1, 0, 0, 0, 2
DAWKNW5Z,101, 0, 1, 0, 0, 0, 1
WRNAJY5Z,101, 0, 1, 0, 0, 0, 1
BJCBPE6Z,101, 0, 1, 0, 0, 0, 1
5RXOOV6Z,101, 0, 1, 0, 0, 0, 1
GSO4LZ6Z,101, 0, 1, 0, 0, 0, 1
1NV9LZ6Z,101, 0, 1, 0, 0, 0, 1
BZL61E7Z,101, 0, 1, 0, 0, 0, 1
PKEX298Z,101, 0, 1, 0, 0, 0, 1
FTQWCI8Z,101, 0, 1, 0, 0, 0, 1
Q1DUD49Z,101, 0, 1, 0, 0, 0, 1
LQRH679Z,101, 0, 1, 0, 0, 0, 1
GK9JQ79Z,102, 1, 1, 0, 0, 0, 1
SRKYF8AZ,101, 0, 1, 0, 0, 0, 1
W6S7GCAZ,101, 0, 1, 0, 0, 0, 1
UTJK2EAZ,101, 0, 1, 0, 0, 0, 1
VM6J3GAZ,101, 0, 1, 0, 0, 0, 1
MO3CISAZ,101, 0, 1, 0, 0, 0, 1
DZCYZ3BZ,101, 0, 1, 0, 0, 0, 1
JPNRK7BZ,102, 1, 1, 0, 0, 0, 1
4CYWV9BZ,101, 0, 1, 0, 0, 0, 1
UJ38HYBZ,101, 0, 1, 0, 0, 0, 1
HA1P6XCZ,101, 0, 1, 0, 0, 0, 1
9COVQADZ,101, 0, 1, 0, 0, 0, 1
UU3TA4FZ,101, 0, 1, 0, 0, 0, 1
89PEO9FZ,101, 0, 1, 0, 0, 0, 1
GG1LIIFZ,101, 0, 1, 0, 0, 0, 1
S6VNCPFZ,101, 0, 1, 0, 0, 0, 1
QS3TXRFZ,102, 1, 1, 0, 0, 0, 1
ZJ5FEVFZ,101, 0, 1, 0, 0, 0, 1
3TQL8WFZ,102, 1, 1, 0, 0, 0, 1
C997M9GZ,101, 0, 1, 0, 0, 0, 1
LQBW4QGZ,101, 0, 1, 0, 0, 0, 1
8J6RWIHZ,101, 0, 1, 0, 0, 0, 1
1V6BCCIZ,101, 0, 1, 0, 0, 0, 1
Y5MZFCIZ,101, 0, 1, 0, 0, 0, 1
CGMCQDIZ,101, 0, 1, 0, 0, 0, 1
BPX2CNJZ,101, 0, 1, 0, 0, 0, 1
3ZW6KLKZ,101, 0, 1, 0, 0, 0, 1
MCACKALZ,101, 0, 1, 0, 0, 0, 1
BRBQWTLZ,101, 0, 1, 0, 0, 0, 1
W9CK7BMZ,101, 0, 1, 0, 0, 0, 1
YBS3DANZ,101, 0, 1, 0, 0, 0, 1
1AK173OZ,101, 0, 1, 0, 0, 0, 1
LZOA99OZ,101, 0, 1, 0, 0, 0, 1
NC5FGBOZ,101, 0, 1, 0, 0, 0, 1
USTRXFPZ,101, 0, 1, 0, 0, 0, 1
RHEGXNPZ,101, 0, 1, 0, 0, 0, 1
6DL2A4RZ,101, 0, 1, 0, 0, 0, 1
2L73OSRZ,101, 0, 1, 0, 0, 0, 1
Q1GXB9SZ,101, 0, 1, 0, 0, 0, 1
8N399BSZ,101, 0, 1, 0, 0, 0, 1
3FFO73TZ,101, 0, 1, 0, 0, 0, 1
TI5AD6TZ,101, 0, 1, 0, 0, 0, 1
QGR2NATZ,102, 1, 1, 0, 0, 0, 1
QMRDTATZ,102, 1, 1, 0, 0, 0, 1
7C29EGTZ,101, 0, 1, 0, 0, 0, 1
DHG5KJTZ,101, 0, 1, 0, 0, 0, 1
JLP61MUZ,101, 0, 1, 0, 0, 0, 1
CPBUTLUZ,102, 1, 1, 0, 0, 0, 1
PUP88WVZ,101, 0, 1, 0, 0, 0, 1
OVBFQSWZ,101, 0, 1, 0, 0, 0, 1
T17LKPXZ,101, 0, 1, 0, 0, 0, 1
1I2QU6YZ,101, 0, 1, 0, 0, 0, 1
NIQHRWYZ,101, 0, 1, 0, 0, 0, 1
2ATYOHZZ,101, 0, 1, 0, 0, 0, 1