Seed, Score, T1, T2, T3, T4, T5, T6, T7, T8
FAJK8SAR, 11, 1, 0, 0, 0, 0, 1, 0, 0
EXQICSAR, 10, 0, 0, 0, 0, 0, 1, 0, 0
QBOFJUAR, 10, 0, 0, 0, 0, 0, 1, 0, 0
4YSJUUAR, 10, 0, 0, 0, 0, 0, 1, 0, 0
Y4KMZXAR, 10, 0, 0, 0, 0, 0, 1, 0, 0
IS9SU1BR, 10, 0, 0, 0, 0, 0, 1, 0, 0
NEYB32BR, 10, 0, 0, 0, 0, 0, 1, 0, 0
P1BBR3BR, 10, 0, 0, 1, 0, 0, 0, 0, 0
KNG2B5BR, 10, 0, 0, 1, 0, 0, 0, 0, 0
K6WXJ5BR, 16, 0, 0, 0, 0, 0, 0, 2, 0
ZEHSC6BR, 17, 0, 0, 0, 0, 0, 1, 0, 1
OFHJXABR, 10, 0, 0, 0, 0, 0, 1, 0, 0
R6N6LDBR, 11, 1, 0, 0, 0, 0, 1, 0, 0
PN52KOBR, 10, 0, 0, 0, 0, 0, 1, 0, 0
Z59LBPBR, 18, 0, 0, 0, 0, 0, 1, 1, 0
18HAORBR, 10, 0, 0, 0, 0, 0, 1, 0, 0
B6F11SBR, 11, 1, 0, 0, 0, 0, 1, 0, 0
CROAHSBR, 10, 0, 0, 0, 0, 0, 1, 0, 0
6MKPNTBR, 18, 1, 0, 0, 0, 0, 1, 0, 1
5TC88XBR, 10, 0, 0, 0, 0, 0, 1, 0, 0
X9U7YZBR, 10, 0, 0, 0, 0, 0, 1, 0, 0
E2BB71CR, 10, 0, 0, 0, 0, 0, 1, 0, 0
A8QM62CR, 10, 0, 0, 0, 0, 0, 1, 0, 0
CDO9W2CR, 20, 0, 0, 0, 0, 0, 2, 0, 0
CY18A3CR, 10, 0, 0, 0, 0, 0, 1, 0, 0
ZSUYM3CR, 10, 0, 0, 0, 0, 0, 1, 0, 0
895C97CR, 18, 0, 0, 0, 0, 0, 1, 1, 0
RN7YN7CR, 10, 0, 0, 0, 0, 0, 1, 0, 0
WDYBM9CR, 11, 1, 0, 0, 0, 0, 1, 0, 0
L9R1TBCR, 17, 1, 0, 0, 0, 0, 0, 2, 0
QZB3QGCR, 20, 0, 0, 0, 0, 0, 2, 0, 0
GVYRSMCR, 10, 0, 0, 0, 0, 0, 1, 0, 0
R5K3VPCR, 11, 1, 0, 0, 0, 0, 1, 0, 0
9UMPSRCR, 11, 1, 0, 0, 0, 0, 1, 0, 0
NL3KWUCR, 20, 0, 0, 0, 0, 0, 2, 0, 0
LWXASWCR, 10, 0, 0, 0, 0, 0, 1, 0, 0
B913V3DR, 10, 0, 0, 0, 0, 0, 1, 0, 0
T96PP5DR, 10, 0, 0, 0, 0, 0, 1, 0, 0
XWSSG9DR, 16, 0, 0, 0, 0, 0, 0, 2, 0
NRJS3CDR, 39, 1, 0, 1, 0, 0, 2, 1, 0
YNO2LDDR, 10, 0, 0, 0, 0, 0, 1, 0, 0
AXT12FDR, 11, 1, 0, 0, 0, 0, 1, 0, 0
2HJSDHDR, 20, 0, 0, 1, 0, 0, 1, 0, 0
KHV68JDR, 11, 1, 0, 1, 0, 0, 0, 0, 0
1MAFINDR, 10, 0, 0, 0, 0, 0, 1, 0, 0
43WBZODR, 10, 0, 0, 0, 0, 0, 1, 0, 0
ZFJ3IPDR, 11, 1, 0, 0, 0, 0, 1, 0, 0
JIB56RDR, 17, 0, 0, 0, 0, 0, 1, 0, 1
W1TE8RDR, 10, 0, 0, 0, 0, 0, 1, 0, 0
NFSMPSDR, 20, 0, 0, 0, 0, 0, 2, 0, 0
VZ2UVUDR, 11, 1, 0, 0, 0, 0, 1, 0, 0
JUCXZUDR, 10, 0, 0, 0, 0, 0, 1, 0, 0
MF2VPZDR, 18, 0, 0, 0, 0, 0, 1, 1, 0
AZUS81ER, 10, 0, 0, 0, 0, 0, 1, 0, 0
KWHZ91ER, 10, 0, 0, 0, 0, 0, 1, 0, 0
R5T5S4ER, 10, 0, 0, 0, 0, 0, 1, 0, 0
IX5EP5ER, 10, 0, 0, 1, 0, 0, 0, 0, 0
NFVT96ER, 10, 0, 0, 0, 0, 0, 1, 0, 0
WMZCT6ER, 23, 0, 0, 0, 0, 0, 0, 2, 1
PNDMT6ER, 18, 0, 0, 0, 0, 0, 1, 1, 0
MW3BBEER, 10, 0, 0, 1, 0, 0, 0, 0, 0
CPK12GER, 18, 0, 0, 0, 0, 0, 1, 1, 0
5J7D7GER, 10, 0, 0, 0, 0, 0, 1, 0, 0
W6C5RGER, 10, 0, 0, 0, 0, 0, 1, 0, 0
P8FEHHER, 10, 0, 0, 0, 0, 0, 1, 0, 0
OD6EGIER, 30, 0, 0, 0, 0, 0, 3, 0, 0
RIA5QKER, 18, 0, 0, 1, 0, 0, 0, 1, 0
T6PZISER, 10, 0, 0, 0, 0, 0, 1, 0, 0
Z4SFTTER, 10, 0, 0, 0, 0, 0, 1, 0, 0
PGDQGXER, 10, 0, 0, 0, 0, 0, 1, 0, 0
29NB6ZER, 10, 0, 0, 0, 0, 0, 1, 0, 0
C2XQQ2FR, 10, 0, 0, 0, 0, 0, 1, 0, 0
8IQK43FR, 10, 0, 0, 0, 0, 0, 1, 0, 0
GF2Z73FR, 10, 0, 0, 0, 0, 0, 1, 0, 0
R778S3FR, 10, 0, 0, 0, 0, 0, 1, 0, 0
VWEB85FR, 15, 0, 0, 0, 0, 0, 0, 1, 1
9QRBT5FR, 10, 0, 0, 0, 0, 0, 1, 0, 0
AEYGT5FR, 10, 0, 0, 0, 0, 0, 1, 0, 0
J5RAXAFR, 10, 0, 0, 0, 0, 0, 1, 0, 0
LKQ7ZBFR, 25, 0, 0, 0, 0, 0, 1, 1, 1
5SFAPEFR, 10, 0, 0, 0, 0, 0, 1, 0, 0
IHPL7HFR, 16, 0, 0, 0, 1, 0, 0, 1, 0
UIACPHFR, 10, 0, 0, 0, 0, 0, 1, 0, 0
J5K14IFR, 10, 0, 0, 0, 0, 0, 1, 0, 0
352U9IFR, 10, 0, 0, 0, 0, 0, 1, 0, 0
SSDTAKFR, 10, 0, 0, 0, 0, 0, 1, 0, 0
9QI44LFR, 11, 1, 0, 0, 0, 0, 1, 0, 0
UG4VCSFR, 10, 0, 0, 0, 0, 0, 1, 0, 0
DF755WFR, 10, 0, 0, 0, 0, 0, 1, 0, 0
AKDDOWFR, 15, 0, 0, 0, 0, 0, 0, 1, 1
53SCYXFR, 26, 1, 0, 0, 0, 0, 1, 1, 1
I6TRPYFR, 10, 0, 0, 0, 0, 0, 1, 0, 0
WDBCD5GR, 10, 0, 0, 0, 0, 0, 1, 0, 0
8BV717GR, 11, 1, 0, 0, 0, 0, 1, 0, 0
GSP9GAGR, 10, 0, 0, 0, 0, 0, 1, 0, 0
UEY1OEGR, 11, 1, 0, 0, 0, 0, 1, 0, 0
7R11SGGR, 18, 0, 0, 0, 0, 0, 1, 1, 0
E5HQKIGR, 10, 0, 0, 0, 0, 0, 1, 0, 0
IBS82JGR, 10, 0, 0, 0, 0, 0, 1, 0, 0
U2F29JGR, 10, 0, 0, 0, 0, 0, 1, 0, 0
B66N4NGR, 10, 0, 0, 0, 0, 0, 1, 0, 0
YQ5ISNGR, 10, 0, 0, 0, 0, 0, 1, 0, 0
VS819TGR, 10, 0, 0, 0, 0, 0, 1, 0, 0
O28H7TGR, 36, 0, 0, 1, 1, 0, 1, 1, 0
CC6P3VGR, 10, 0, 0, 0, 0, 0, 1, 0, 0
284EXWGR, 10, 0, 0, 1, 0, 0, 0, 0, 0
YW7LZ1HR, 10, 0, 0, 0, 0, 0, 1, 0, 0
GSULZ3HR, 15, 0, 0, 0, 0, 0, 0, 1, 1
Q5XF44HR, 10, 0, 0, 0, 0, 0, 1, 0, 0
RNLUB4HR, 11, 1, 0, 1, 0, 0, 0, 0, 0
HRQ996HR, 10, 0, 0, 0, 0, 0, 1, 0, 0
17S678HR, 10, 0, 0, 0, 0, 0, 1, 0, 0
RUCM29HR, 20, 0, 0, 0, 0, 0, 2, 0, 0
Q2NS59HR, 10, 0, 0, 0, 0, 0, 1, 0, 0
AZW2REHR, 11, 1, 0, 0, 0, 0, 1, 0, 0
9ZFASFHR, 10, 0, 0, 0, 0, 0, 1, 0, 0
XEQGKGHR, 10, 0, 0, 0, 0, 0, 1, 0, 0
OEO32HHR, 10, 0, 0, 0, 0, 0, 1, 0, 0
UA2URKHR, 10, 0, 0, 0, 0, 0, 1, 0, 0
BULV9LHR, 10, 0, 0, 0, 0, 0, 1, 0, 0
FA5VKNHR, 10, 0, 0, 0, 0, 0, 1, 0, 0
IGPIJOHR, 10, 0, 0, 0, 0, 0, 1, 0, 0
ND143PHR, 10, 0, 0, 0, 0, 0, 1, 0, 0
K1L2KPHR, 10, 0, 0, 0, 0, 0, 1, 0, 0
1WEZ3WHR, 10, 0, 0, 0, 0, 0, 1, 0, 0
AV8MEWHR, 15, 0, 0, 0, 0, 1, 0, 1, 0
ACZWQYHR, 10, 0, 0, 0, 0, 0, 1, 0, 0
67LU1ZHR, 10, 0, 0, 0, 0, 0, 1, 0, 0
T4ATS2IR, 10, 0, 0, 0, 0, 0, 1, 0, 0
BNYZX2IR, 10, 0, 0, 0, 0, 0, 1, 0, 0
5KMC15IR, 10, 0, 0, 0, 0, 0, 1, 0, 0
L5ZNX5IR, 20, 0, 0, 0, 0, 0, 2, 0, 0
XHXA88IR, 10, 0, 0, 0, 0, 0, 1, 0, 0
J5TIQ8IR, 10, 0, 0, 0, 0, 0, 1, 0, 0
4KJW1CIR, 10, 0, 0, 0, 0, 0, 1, 0, 0
KNMDOCIR, 10, 0, 0, 0, 0, 0, 1, 0, 0
D177KDIR, 10, 0, 0, 1, 0, 0, 0, 0, 0
PZLD5FIR, 10, 0, 0, 0, 0, 0, 1, 0, 0
EHIB4GIR, 16, 1, 0, 0, 0, 0, 0, 1, 1
79L9KGIR, 10, 0, 0, 0, 0, 0, 1, 0, 0
EY83GHIR, 10, 0, 0, 0, 0, 0, 1, 0, 0
USCFKJIR, 10, 0, 0, 0, 0, 0, 1, 0, 0
9YTU5PIR, 17, 0, 0, 0, 0, 0, 1, 0, 1
LHW2EQIR, 10, 0, 0, 0, 0, 0, 1, 0, 0
JSJZEQIR, 10, 0, 0, 0, 0, 0, 1, 0, 0
QQIHVTIR, 20, 0, 0, 1, 0, 0, 1, 0, 0
CRBD4ZIR, 10, 0, 0, 0, 0, 0, 1, 0, 0
O8EX32JR, 11, 1, 0, 0, 0, 0, 1, 0, 0
8IEEV2JR, 17, 0, 0, 0, 0, 0, 1, 0, 1
CZFLO3JR, 10, 0, 0, 0, 0, 0, 1, 0, 0
834AO4JR, 10, 0, 0, 0, 0, 0, 1, 0, 0
FVDUJ8JR, 10, 0, 0, 0, 0, 0, 1, 0, 0
J9AY39JR, 10, 0, 0, 0, 0, 0, 1, 0, 0
DXLT1AJR, 10, 0, 0, 1, 0, 0, 0, 0, 0
GC451BJR, 10, 0, 0, 0, 0, 0, 1, 0, 0
GOXJ2BJR, 11, 1, 0, 0, 0, 0, 1, 0, 0
9M94LEJR, 20, 0, 0, 0, 0, 0, 2, 0, 0
VBGXOFJR, 17, 0, 0, 1, 0, 0, 0, 0, 1
DJTFCIJR, 10, 0, 0, 0, 0, 0, 1, 0, 0
4XUD3JJR, 10, 0, 0, 0, 0, 0, 1, 0, 0
UO32CKJR, 10, 0, 0, 0, 0, 0, 1, 0, 0
KRGHKMJR, 10, 0, 0, 0, 0, 0, 1, 0, 0
JUV9LNJR, 11, 1, 0, 0, 0, 0, 1, 0, 0
V6MVJPJR, 18, 0, 0, 0, 0, 0, 1, 1, 0
Z8TR4QJR, 10, 0, 0, 0, 0, 0, 1, 0, 0
P7HVLRJR, 11, 1, 0, 1, 0, 0, 0, 0, 0
SR5DRTJR, 11, 1, 0, 0, 0, 0, 1, 0, 0
S4FKKUJR, 10, 0, 0, 0, 0, 0, 1, 0, 0
1BHD6YJR, 10, 0, 0, 0, 0, 0, 1, 0, 0
EF2A8ZJR, 10, 0, 0, 0, 0, 0, 1, 0, 0
NIZWL1KR, 10, 0, 0, 0, 0, 0, 1, 0, 0
HWKSX1KR, 17, 0, 0, 0, 0, 0, 1, 0, 1
2WYBV3KR, 16, 0, 0, 0, 0, 0, 0, 2, 0
KII1E5KR, 10, 0, 0, 1, 0, 0, 0, 0, 0
8P3QT7KR, 10, 0, 0, 0, 0, 0, 1, 0, 0
7F5RFAKR, 11, 1, 0, 1, 0, 0, 0, 0, 0
DHBYCBKR, 10, 0, 0, 1, 0, 0, 0, 0, 0
9N8L2DKR, 10, 0, 0, 0, 0, 0, 1, 0, 0
ZGZOJGKR, 18, 0, 0, 0, 0, 0, 1, 1, 0
YBA2CIKR, 18, 1, 0, 0, 0, 0, 1, 0, 1
BCF4AKKR, 10, 0, 0, 0, 0, 0, 1, 0, 0
ZFOQBMKR, 17, 0, 0, 0, 0, 0, 1, 0, 1
7E14APKR, 10, 0, 0, 0, 0, 0, 1, 0, 0
9DIT5PKR, 10, 0, 0, 0, 0, 0, 1, 0, 0
PFGEEPKR, 10, 0, 0, 0, 0, 0, 1, 0, 0
3R1QEQKR, 10, 0, 0, 0, 0, 0, 1, 0, 0
V3Q7LSKR, 11, 1, 0, 0, 0, 0, 1, 0, 0
WYNTCWKR, 10, 0, 0, 0, 0, 0, 1, 0, 0
1KRXRYKR, 11, 1, 0, 0, 0, 0, 1, 0, 0
SK15S2LR, 10, 0, 0, 0, 0, 0, 1, 0, 0
15FPE3LR, 10, 0, 0, 0, 0, 0, 1, 0, 0
5NPYW3LR, 11, 1, 0, 0, 0, 0, 1, 0, 0
R5G888LR, 10, 0, 0, 1, 0, 0, 0, 0, 0
4FNZYALR, 10, 0, 0, 1, 0, 0, 0, 0, 0
9KUN7GLR, 10, 0, 0, 0, 0, 0, 1, 0, 0
3F65KHLR, 10, 0, 0, 0, 0, 0, 1, 0, 0
7OV6URLR, 20, 0, 0, 0, 0, 0, 2, 0, 0
5LNUASLR, 10, 0, 0, 0, 0, 0, 1, 0, 0
O9785XLR, 10, 0, 0, 0, 0, 0, 1, 0, 0
1MS9HXLR, 10, 0, 0, 0, 0, 0, 1, 0, 0
1OK6GYLR, 18, 0, 0, 0, 0, 0, 1, 1, 0
E4L5GZLR, 11, 1, 0, 0, 0, 0, 1, 0, 0
OEIM21MR, 18, 0, 0, 0, 0, 0, 1, 1, 0
GHJW22MR, 10, 0, 0, 0, 0, 0, 1, 0, 0
BWFIZ5MR, 10, 0, 0, 0, 0, 0, 1, 0, 0
6SHV18MR, 10, 0, 0, 0, 0, 0, 1, 0, 0
O9T3J9MR, 20, 0, 0, 0, 0, 0, 2, 0, 0
8XWJMAMR, 18, 0, 0, 0, 0, 0, 1, 1, 0
62CKIDMR, 18, 0, 0, 0, 0, 0, 1, 1, 0
MTMSWDMR, 11, 1, 0, 0, 0, 0, 1, 0, 0
52LFDFMR, 18, 0, 0, 0, 0, 0, 1, 1, 0
DWFGPHMR, 10, 0, 0, 1, 0, 0, 0, 0, 0
XBPETHMR, 10, 0, 0, 0, 0, 0, 1, 0, 0
9X8SFPMR, 10, 0, 0, 0, 0, 0, 1, 0, 0
X2QKFQMR, 18, 0, 0, 0, 0, 0, 1, 1, 0
ECBV1VMR, 25, 0, 0, 0, 1, 0, 1, 0, 1
HSETDVMR, 10, 0, 0, 0, 0, 0, 1, 0, 0
PPU6IWMR, 10, 0, 0, 0, 0, 0, 1, 0, 0
XI6D7YMR, 10, 0, 0, 0, 0, 0, 1, 0, 0
CXMKLZMR, 10, 0, 0, 1, 0, 0, 0, 0, 0
W2NRM5NR, 20, 0, 0, 0, 0, 0, 2, 0, 0
FHG2A7NR, 10, 0, 0, 0, 0, 0, 1, 0, 0
5Y4T88NR, 10, 0, 0, 0, 0, 0, 1, 0, 0
R7DTB8NR, 11, 1, 0, 1, 0, 0, 0, 0, 0
WAK5FBNR, 18, 0, 0, 0, 0, 0, 1, 1, 0
HZO7JCNR, 10, 0, 0, 0, 0, 0, 1, 0, 0
HRNNOCNR, 10, 0, 0, 0, 0, 0, 1, 0, 0
C14MTCNR, 10, 0, 0, 0, 0, 0, 1, 0, 0
6JZWXGNR, 10, 0, 0, 0, 0, 0, 1, 0, 0
5QMGAHNR, 20, 0, 0, 0, 0, 0, 2, 0, 0
61Z5KHNR, 18, 0, 0, 0, 0, 0, 1, 1, 0
LBTHFINR, 18, 0, 0, 0, 0, 0, 1, 1, 0
FOM4ILNR, 10, 0, 0, 0, 0, 0, 1, 0, 0
48U2WMNR, 17, 0, 0, 0, 0, 0, 1, 0, 1
3FUA9NNR, 19, 1, 0, 0, 0, 0, 1, 1, 0
96M3FNNR, 10, 0, 0, 1, 0, 0, 0, 0, 0
2LYMDQNR, 10, 0, 0, 0, 0, 0, 1, 0, 0
EKHY4RNR, 10, 0, 0, 0, 0, 0, 1, 0, 0
J57GCSNR, 16, 1, 0, 0, 0, 0, 0, 1, 1
KY2BNTNR, 10, 0, 0, 0, 0, 0, 1, 0, 0
XGD6OXNR, 11, 1, 0, 0, 0, 0, 1, 0, 0
FRIXDYNR, 11, 1, 0, 0, 0, 0, 1, 0, 0
R1ANR1OR, 10, 0, 0, 0, 0, 0, 1, 0, 0
7DWRV1OR, 10, 0, 0, 0, 0, 0, 1, 0, 0
MBVR72OR, 18, 0, 0, 0, 0, 0, 1, 1, 0
FXZJQ3OR, 10, 0, 0, 0, 0, 0, 1, 0, 0
7DZIF4OR, 10, 0, 0, 0, 0, 0, 1, 0, 0
EY3617OR, 10, 0, 0, 1, 0, 0, 0, 0, 0
F1RRI7OR, 20, 0, 0, 0, 0, 0, 2, 0, 0
SKDOFDOR, 18, 0, 0, 0, 0, 0, 1, 1, 0
3JRQWFOR, 10, 0, 0, 0, 0, 0, 1, 0, 0
XA6H5IOR, 17, 0, 0, 0, 0, 0, 1, 0, 1
FXUXRIOR, 10, 0, 0, 0, 0, 0, 1, 0, 0
Q9MDTOOR, 21, 1, 0, 0, 0, 0, 2, 0, 0
NW16QPOR, 10, 0, 0, 0, 0, 0, 1, 0, 0
I33H6QOR, 18, 0, 0, 0, 1, 0, 1, 0, 0
DUUVEROR, 10, 0, 0, 1, 0, 0, 0, 0, 0
PLGCJUOR, 11, 1, 0, 0, 0, 0, 1, 0, 0
74KPTVOR, 10, 0, 0, 1, 0, 0, 0, 0, 0
K7XPNXOR, 10, 0, 0, 0, 0, 0, 1, 0, 0
JZGIT7PR, 20, 0, 0, 0, 0, 0, 2, 0, 0
RZ6I4BPR, 10, 0, 0, 0, 0, 0, 1, 0, 0
OY26EDPR, 10, 0, 0, 0, 0, 0, 1, 0, 0
Q8H85EPR, 18, 0, 0, 0, 0, 0, 1, 1, 0
V77C7GPR, 20, 0, 0, 0, 0, 0, 2, 0, 0
D2175IPR, 11, 1, 0, 0, 0, 0, 1, 0, 0
65QXUJPR, 18, 0, 0, 0, 0, 0, 1, 1, 0
VR4F2LPR, 10, 0, 0, 0, 0, 0, 1, 0, 0
7GF12OPR, 26, 0, 0, 0, 1, 0, 1, 1, 0
9DP7FOPR, 10, 0, 0, 0, 0, 0, 1, 0, 0
8AJENPPR, 10, 0, 0, 0, 0, 0, 1, 0, 0
X54J7RPR, 19, 1, 0, 0, 0, 0, 1, 1, 0
L5PSESPR, 10, 0, 0, 0, 0, 0, 1, 0, 0
HNDLITPR, 18, 0, 0, 0, 0, 0, 1, 1, 0
YS3N8YPR, 10, 0, 0, 0, 0, 0, 1, 0, 0
J3LI62QR, 10, 0, 0, 0, 0, 0, 1, 0, 0
326AF2QR, 18, 0, 0, 1, 0, 0, 0, 1, 0
AF2QG3QR, 18, 0, 0, 1, 0, 0, 0, 1, 0
ZNVBM3QR, 10, 0, 0, 0, 0, 0, 1, 0, 0
N1JA84QR, 30, 0, 0, 0, 0, 0, 3, 0, 0
8X3KR9QR, 20, 0, 0, 1, 0, 0, 1, 0, 0
T795BCQR, 10, 0, 0, 0, 0, 0, 1, 0, 0
5HG1GCQR, 10, 0, 0, 0, 0, 0, 1, 0, 0
AQX2PIQR, 10, 0, 0, 0, 0, 0, 1, 0, 0
L327ELQR, 10, 0, 0, 0, 0, 0, 1, 0, 0
HMFNCNQR, 10, 0, 0, 0, 0, 0, 1, 0, 0
UQDYBOQR, 21, 1, 0, 0, 0, 0, 2, 0, 0
9VDXOQQR, 17, 0, 0, 0, 0, 0, 1, 0, 1
S5UAZSQR, 18, 0, 0, 0, 1, 0, 1, 0, 0
SYMVMTQR, 10, 0, 0, 0, 0, 0, 1, 0, 0
YS1ZVTQR, 20, 0, 0, 0, 0, 0, 2, 0, 0
OL82OUQR, 20, 0, 0, 1, 0, 0, 1, 0, 0
VP5ZJUQR, 10, 0, 0, 0, 0, 0, 1, 0, 0
RVNV2WQR, 10, 0, 0, 0, 0, 0, 1, 0, 0
MIXJUWQR, 18, 0, 0, 0, 0, 0, 1, 1, 0
R665S1RR, 10, 0, 0, 0, 0, 0, 1, 0, 0
UUWN84RR, 11, 1, 0, 0, 0, 0, 1, 0, 0
W1EEL4RR, 10, 0, 0, 0, 0, 0, 1, 0, 0
EXBCI5RR, 10, 0, 0, 0, 0, 0, 1, 0, 0
Z14UX5RR, 10, 0, 0, 0, 0, 0, 1, 0, 0
NORVYBRR, 10, 0, 0, 0, 0, 0, 1, 0, 0
PXXYZBRR, 10, 0, 0, 1, 0, 0, 0, 0, 0
QF397CRR, 10, 0, 0, 0, 0, 0, 1, 0, 0
IP358CRR, 10, 0, 0, 0, 0, 0, 1, 0, 0
S1466HRR, 10, 0, 0, 0, 0, 0, 1, 0, 0
CIJ4KIRR, 10, 0, 0, 0, 0, 0, 1, 0, 0
ZJEP8JRR, 10, 0, 0, 0, 0, 0, 1, 0, 0
9MVNTKRR, 10, 0, 0, 0, 0, 0, 1, 0, 0
RJ9W7LRR, 10, 0, 0, 0, 0, 0, 1, 0, 0
TEXP1PRR, 21, 1, 0, 0, 0, 0, 2, 0, 0
348FEQRR, 11, 1, 0, 0, 0, 0, 1, 0, 0
FI7ZGQRR, 10, 0, 0, 0, 0, 0, 1, 0, 0
51YBBVRR, 20, 0, 0, 0, 0, 0, 2, 0, 0
H1L1NVRR, 11, 1, 0, 0, 0, 0, 1, 0, 0
298VRVRR, 10, 0, 0, 0, 0, 0, 1, 0, 0
YS8TE1SR, 18, 0, 0, 0, 0, 0, 1, 1, 0
RIY9L2SR, 10, 0, 0, 0, 0, 0, 1, 0, 0
C6X2A3SR, 18, 0, 0, 0, 1, 0, 1, 0, 0
2ZYUJBSR, 25, 0, 0, 0, 0, 0, 1, 1, 1
GIXXSJSR, 18, 0, 0, 0, 0, 0, 1, 1, 0
MHR45LSR, 10, 0, 0, 0, 0, 0, 1, 0, 0
UCAW2PSR, 10, 0, 0, 1, 0, 0, 0, 0, 0
32ZBCPSR, 10, 0, 0, 0, 0, 0, 1, 0, 0
ZXP1TPSR, 10, 0, 0, 0, 0, 0, 1, 0, 0
BM9PXSSR, 10, 0, 0, 0, 0, 0, 1, 0, 0
2TMCWUSR, 25, 0, 0, 0, 0, 0, 1, 1, 1
76NK91TR, 18, 0, 0, 0, 0, 0, 1, 1, 0
7ZYK62TR, 11, 1, 0, 0, 0, 0, 1, 0, 0
8XGJ14TR, 10, 0, 0, 0, 0, 0, 1, 0, 0
VZKGO6TR, 16, 1, 1, 0, 0, 0, 0, 0, 2
3WGV97TR, 18, 0, 0, 0, 0, 0, 1, 1, 0
T6DAP9TR, 10, 0, 0, 0, 0, 0, 1, 0, 0
OYHAKDTR, 11, 1, 0, 0, 0, 0, 1, 0, 0
A9SQ7FTR, 10, 0, 0, 0, 0, 0, 1, 0, 0
ZMZOMMTR, 15, 0, 0, 0, 1, 0, 0, 0, 1
L2GQIOTR, 10, 0, 0, 0, 0, 0, 1, 0, 0
JKZHROTR, 10, 0, 0, 0, 0, 0, 1, 0, 0
RK8RROTR, 17, 0, 0, 0, 0, 0, 1, 0, 1
OU9PMPTR, 20, 0, 0, 1, 0, 0, 1, 0, 0
Y27NIQTR, 10, 0, 0, 0, 0, 0, 1, 0, 0
3262ZRTR, 15, 0, 0, 0, 0, 0, 0, 1, 1
UDF24TTR, 11, 1, 0, 0, 0, 0, 1, 0, 0
91X3PTTR, 10, 0, 0, 0, 0, 0, 1, 0, 0
OWNJ9YTR, 10, 0, 0, 0, 0, 0, 1, 0, 0
64ZU12UR, 10, 0, 0, 0, 0, 0, 1, 0, 0
XDJT23UR, 20, 0, 0, 0, 0, 0, 2, 0, 0
3IT3D9UR, 10, 0, 0, 0, 0, 0, 1, 0, 0
V7JNY9UR, 20, 0, 0, 0, 0, 0, 2, 0, 0
M1MKMAUR, 11, 1, 0, 0, 0, 0, 1, 0, 0
SXICWGUR, 16, 0, 0, 0, 0, 0, 0, 2, 0
TKW7HIUR, 10, 0, 0, 0, 0, 0, 1, 0, 0
ZY9MDIUR, 18, 0, 0, 0, 1, 0, 1, 0, 0
Z5Y9BJUR, 19, 1, 0, 0, 0, 0, 1, 1, 0
H6N9HJUR, 11, 1, 0, 1, 0, 0, 0, 0, 0
BX5LZSUR, 10, 0, 0, 0, 0, 0, 1, 0, 0
YH7DLTUR, 18, 0, 0, 0, 0, 0, 1, 1, 0
IM2BTTUR, 10, 0, 0, 0, 0, 0, 1, 0, 0
MD8ZVUUR, 10, 0, 0, 0, 0, 0, 1, 0, 0
74EWZUUR, 10, 0, 0, 0, 0, 0, 1, 0, 0
CKY6VVUR, 10, 0, 0, 0, 0, 0, 1, 0, 0
QTVJV1VR, 10, 0, 0, 0, 0, 0, 1, 0, 0
JBO3Y7VR, 10, 0, 0, 0, 0, 0, 1, 0, 0
BF31FCVR, 10, 0, 0, 0, 0, 0, 1, 0, 0
POWKBHVR, 18, 0, 0, 1, 0, 0, 0, 1, 0
V5RF8IVR, 17, 0, 0, 0, 0, 0, 1, 0, 1
NFQO5KVR, 10, 0, 0, 0, 0, 0, 1, 0, 0
ZUQBHLVR, 10, 0, 0, 0, 0, 0, 1, 0, 0
7XKQJMVR, 10, 0, 0, 0, 0, 0, 1, 0, 0
CFNG45WR, 17, 0, 0, 0, 0, 0, 1, 0, 1
IL5KH5WR, 10, 0, 0, 0, 0, 0, 1, 0, 0
H7KW3AWR, 10, 0, 0, 0, 0, 0, 1, 0, 0
969ZQBWR, 10, 0, 0, 0, 0, 0, 1, 0, 0
KXK9VCWR, 11, 1, 0, 0, 0, 0, 1, 0, 0
T3R5MGWR, 17, 0, 0, 1, 0, 0, 0, 0, 1
UKCLJIWR, 10, 0, 0, 0, 0, 0, 1, 0, 0
QAGVDJWR, 10, 0, 0, 0, 0, 0, 1, 0, 0
U3NE3NWR, 17, 0, 0, 0, 0, 1, 1, 0, 0
1CI5EOWR, 10, 0, 0, 0, 0, 0, 1, 0, 0
HKQ7JSWR, 10, 0, 0, 0, 0, 0, 1, 0, 0
8LJMNTWR, 35, 0, 0, 0, 0, 0, 2, 1, 1
SJAR2UWR, 10, 0, 0, 0, 0, 0, 1, 0, 0
9WS2JXWR, 10, 0, 0, 0, 0, 0, 1, 0, 0
WPH335XR, 10, 0, 0, 0, 0, 0, 1, 0, 0
3AJ8Z5XR, 20, 0, 0, 0, 0, 0, 2, 0, 0
5KYTM6XR, 10, 0, 0, 0, 0, 0, 1, 0, 0
3Y9HT6XR, 20, 0, 0, 1, 0, 0, 1, 0, 0
YXYH67XR, 17, 0, 0, 0, 0, 1, 1, 0, 0
K6MLG9XR, 10, 0, 0, 0, 0, 0, 1, 0, 0
T6Z8O9XR, 10, 0, 0, 0, 0, 0, 1, 0, 0
3MZCVAXR, 10, 0, 0, 0, 0, 0, 1, 0, 0
32G52BXR, 10, 0, 0, 1, 0, 0, 0, 0, 0
OATZ3BXR, 10, 0, 0, 0, 0, 0, 1, 0, 0
JT9WUIXR, 10, 0, 0, 0, 0, 0, 1, 0, 0
ECYMWMXR, 10, 0, 0, 0, 0, 0, 1, 0, 0
XTYRNXXR, 10, 0, 0, 0, 0, 0, 1, 0, 0
QO4ILZXR, 18, 0, 0, 0, 0, 0, 1, 1, 0
YMFOP3YR, 10, 0, 0, 0, 0, 0, 1, 0, 0
I7JW16YR, 18, 0, 0, 0, 0, 0, 1, 1, 0
S5NEH6YR, 10, 0, 0, 0, 0, 0, 1, 0, 0
OLZSP6YR, 10, 0, 0, 0, 0, 0, 1, 0, 0
LASHY7YR, 20, 0, 0, 0, 0, 0, 2, 0, 0
24MJE8YR, 10, 0, 0, 0, 0, 0, 1, 0, 0
IZ6XPBYR, 10, 0, 0, 1, 0, 0, 0, 0, 0
HI2AZBYR, 27, 0, 0, 0, 0, 0, 2, 0, 1
GY5EUDYR, 10, 0, 0, 0, 0, 0, 1, 0, 0
SYJBSEYR, 10, 0, 0, 0, 0, 0, 1, 0, 0
IKZUPFYR, 10, 0, 0, 0, 0, 0, 1, 0, 0
D3424MYR, 10, 0, 0, 0, 0, 0, 1, 0, 0
H45WCNYR, 10, 0, 0, 0, 0, 0, 1, 0, 0
SQIEZOYR, 10, 0, 0, 0, 0, 0, 1, 0, 0
QFPEEPYR, 10, 0, 0, 0, 0, 0, 1, 0, 0
XGKHPQYR, 10, 0, 0, 0, 0, 0, 1, 0, 0
2THAYQYR, 16, 0, 0, 0, 0, 0, 0, 2, 0
L9VAHVYR, 17, 0, 0, 0, 0, 0, 1, 0, 1
F644MVYR, 10, 0, 0, 0, 0, 0, 1, 0, 0
KRBCRWYR, 20, 0, 0, 0, 0, 0, 2, 0, 0
A9LLKYYR, 28, 0, 0, 0, 0, 0, 2, 1, 0
LC9RR2ZR, 19, 1, 0, 0, 1, 0, 1, 0, 0
PTXA15ZR, 18, 0, 0, 0, 0, 0, 1, 1, 0
TB9XREZR, 10, 0, 0, 0, 0, 0, 1, 0, 0
WMZ4NIZR, 10, 0, 0, 0, 0, 0, 1, 0, 0
COUEHKZR, 10, 0, 0, 0, 0, 0, 1, 0, 0
EOJ61MZR, 15, 0, 0, 0, 1, 0, 0, 0, 1
8J86OMZR, 18, 0, 0, 0, 0, 0, 1, 1, 0
8MFSKMZR, 17, 0, 0, 0, 0, 0, 1, 0, 1
BTPY6OZR, 10, 0, 0, 0, 0, 0, 1, 0, 0
RKSXAPZR, 10, 0, 0, 0, 0, 0, 1, 0, 0
HO7NEQZR, 11, 1, 0, 0, 0, 0, 1, 0, 0
ER14BRZR, 18, 0, 0, 0, 0, 0, 1, 1, 0
T6WLBWZR, 11, 1, 0, 0, 0, 0, 1, 0, 0
Q4932YZR, 10, 0, 0, 0, 0, 0, 1, 0, 0
E6GQ4ZZR, 20, 0, 0, 0, 0, 0, 2, 0, 0
B36JM21S, 18, 0, 0, 0, 0, 0, 1, 1, 0
Z6ERC31S, 18, 0, 0, 0, 0, 0, 1, 1, 0
MV6NJ41S, 11, 1, 0, 0, 0, 0, 1, 0, 0
I93FR61S, 10, 0, 0, 0, 0, 0, 1, 0, 0
32AU271S, 10, 0, 0, 0, 0, 0, 1, 0, 0
VLF9A71S, 10, 0, 0, 0, 0, 0, 1, 0, 0
3QBVFA1S, 10, 0, 0, 0, 0, 0, 1, 0, 0
74FWCE1S, 10, 0, 0, 0, 0, 0, 1, 0, 0
CNSYOG1S, 10, 0, 0, 0, 0, 0, 1, 0, 0
4QLNCH1S, 10, 0, 0, 0, 0, 0, 1, 0, 0
AMDAGI1S, 10, 0, 0, 0, 0, 0, 1, 0, 0
XQFS4K1S, 10, 0, 0, 0, 0, 0, 1, 0, 0
3JV7UM1S, 10, 0, 0, 0, 0, 0, 1, 0, 0
RA1PDT1S, 19, 1, 0, 0, 0, 0, 1, 1, 0
GJ66JU1S, 10, 0, 0, 0, 0, 0, 1, 0, 0
BEOF2Y1S, 11, 1, 0, 0, 0, 0, 1, 0, 0
5UU4MZ1S, 25, 1, 0, 0, 0, 0, 1, 0, 2
QG8ZNZ1S, 10, 0, 0, 0, 0, 0, 1, 0, 0
O5ELN12S, 10, 0, 0, 0, 0, 0, 1, 0, 0
XKDNM22S, 15, 0, 0, 0, 0, 0, 0, 1, 1
ZHGQ832S, 10, 0, 0, 0, 0, 0, 1, 0, 0
8UQ9K82S, 10, 0, 0, 0, 0, 0, 1, 0, 0
TKCRY82S, 10, 0, 0, 0, 0, 0, 1, 0, 0
QF67W92S, 11, 1, 0, 0, 0, 0, 1, 0, 0
EO4KOA2S, 10, 0, 0, 0, 0, 0, 1, 0, 0
5O9ZMA2S, 10, 0, 0, 0, 0, 0, 1, 0, 0
XZ7U4F2S, 10, 0, 0, 0, 0, 0, 1, 0, 0
3PG1SF2S, 10, 0, 0, 0, 0, 0, 1, 0, 0
7X8TCG2S, 10, 0, 0, 0, 0, 0, 1, 0, 0
ELVL9K2S, 10, 0, 0, 0, 0, 0, 1, 0, 0
3WBZDK2S, 10, 0, 0, 0, 0, 0, 1, 0, 0
5DOJVL2S, 10, 0, 0, 0, 0, 0, 1, 0, 0
BUUI7Q2S, 20, 0, 0, 0, 0, 0, 2, 0, 0
6L6KXQ2S, 20, 0, 0, 2, 0, 0, 0, 0, 0
TQVV8T2S, 10, 1, 1, 0, 0, 0, 0, 1, 0
XXLZJW2S, 10, 0, 0, 0, 0, 0, 1, 0, 0
IC7WEZ2S, 10, 0, 0, 0, 0, 0, 1, 0, 0
QYWD743S, 10, 0, 0, 0, 0, 0, 1, 0, 0
QIAYB73S, 28, 0, 0, 0, 0, 0, 2, 1, 0
E2LGM73S, 11, 1, 0, 0, 0, 0, 1, 0, 0
87MTY83S, 10, 0, 0, 0, 0, 0, 1, 0, 0
AGA7GH3S, 10, 0, 0, 0, 0, 0, 1, 0, 0
OG1ZAH3S, 18, 0, 0, 0, 1, 0, 1, 0, 0
RB8CSI3S, 10, 0, 0, 0, 0, 0, 1, 0, 0
MDFCXI3S, 10, 0, 0, 0, 0, 0, 1, 0, 0
5A9A4O3S, 17, 0, 0, 0, 0, 0, 1, 0, 1
36FPGO3S, 10, 0, 0, 0, 0, 0, 1, 0, 0
JCN8JU3S, 20, 0, 0, 0, 0, 0, 2, 0, 0
H1FNHU3S, 10, 0, 0, 0, 0, 0, 1, 0, 0
X3KKXV3S, 17, 0, 0, 0, 0, 0, 1, 0, 1
N4DSWX3S, 10, 0, 0, 0, 0, 0, 1, 0, 0
5MJG8Y3S, 10, 0, 0, 0, 0, 0, 1, 0, 0
NJAI714S, 10, 0, 0, 0, 0, 0, 1, 0, 0
1ILX944S, 17, 0, 0, 0, 0, 0, 1, 0, 1
5ADAG54S, 18, 0, 0, 0, 0, 0, 1, 1, 0
UM62I54S, 10, 0, 0, 0, 0, 0, 1, 0, 0
4R94294S, 11, 1, 0, 0, 0, 0, 1, 0, 0
AGQTJA4S, 10, 0, 0, 0, 0, 0, 1, 0, 0
UH4DBC4S, 10, 0, 0, 0, 0, 0, 1, 0, 0
9Q6M4D4S, 10, 0, 0, 0, 0, 0, 1, 0, 0
N3H23E4S, 25, 0, 0, 0, 0, 0, 1, 1, 1
OMUB1F4S, 10, 0, 0, 0, 0, 0, 1, 0, 0
WWIYDG4S, 26, 1, 0, 0, 1, 0, 1, 0, 1
4AGLCI4S, 10, 0, 0, 1, 0, 0, 0, 0, 0
4ITFPM4S, 10, 0, 0, 0, 0, 0, 1, 0, 0
29Z1EO4S, 18, 0, 0, 0, 0, 0, 1, 1, 0
1WSIJT4S, 10, 0, 0, 0, 0, 0, 1, 0, 0
4I9BNW4S, 10, 0, 0, 0, 0, 0, 1, 0, 0
17SA4X4S, 18, 0, 0, 0, 0, 0, 1, 1, 0
CIQ5G25S, 10, 0, 0, 0, 0, 0, 1, 0, 0
PCH2T65S, 18, 0, 0, 0, 0, 0, 1, 1, 0
9IV1J75S, 10, 0, 0, 0, 0, 0, 1, 0, 0
ZIVNT95S, 10, 0, 0, 0, 0, 0, 1, 0, 0
24X8QB5S, 17, 0, 0, 0, 0, 0, 1, 0, 1
2MDSZD5S, 10, 0, 0, 0, 0, 0, 1, 0, 0
NE8KJI5S, 16, 0, 0, 0, 0, 0, 0, 2, 0
3A7OTI5S, 11, 1, 0, 0, 0, 0, 1, 0, 0
8NR12K5S, 10, 0, 0, 0, 0, 0, 1, 0, 0
DS4KGM5S, 10, 0, 0, 0, 0, 0, 1, 0, 0
5SMRNM5S, 10, 0, 0, 0, 0, 0, 1, 0, 0
R9UQSN5S, 10, 0, 0, 0, 0, 0, 1, 0, 0
Z1T5LP5S, 12, 1, 1, 0, 0, 0, 1, 0, 0
NNOJHQ5S, 10, 0, 0, 0, 0, 0, 1, 0, 0
IH9F1S5S, 10, 0, 0, 0, 0, 0, 1, 0, 0
Z9TZ7T5S, 16, 0, 0, 0, 1, 0, 0, 1, 0
WY62TV5S, 11, 1, 0, 0, 0, 0, 1, 0, 0
ZCPPC46S, 10, 0, 0, 0, 0, 0, 1, 0, 0
5HXBP56S, 10, 0, 0, 0, 0, 0, 1, 0, 0
ZNX1276S, 18, 0, 0, 0, 0, 0, 1, 1, 0
I9ZX176S, 20, 0, 0, 0, 0, 0, 2, 0, 0
X961396S, 10, 0, 0, 0, 0, 0, 1, 0, 0
2RLNZ96S, 10, 0, 0, 0, 0, 0, 1, 0, 0
WAYTWC6S, 10, 0, 0, 0, 0, 0, 1, 0, 0
CW7HKD6S, 18, 0, 0, 0, 0, 0, 1, 1, 0
1HJR5F6S, 18, 0, 0, 0, 0, 0, 1, 1, 0
QQ82TF6S, 10, 0, 0, 0, 0, 0, 1, 0, 0
42KGCG6S, 10, 0, 0, 0, 0, 0, 1, 0, 0
6ISFAH6S, 10, 0, 0, 0, 0, 0, 1, 0, 0
USW6ZH6S, 10, 0, 0, 0, 0, 0, 1, 0, 0
Z916EI6S, 10, 0, 0, 0, 0, 0, 1, 0, 0
JWRJXI6S, 10, 0, 0, 0, 0, 0, 1, 0, 0
LHYG5J6S, 10, 0, 0, 0, 0, 0, 1, 0, 0
IS55SN6S, 20, 0, 0, 0, 0, 0, 2, 0, 0
QNKY5O6S, 10, 0, 0, 0, 0, 0, 1, 0, 0
YV2IOO6S, 18, 0, 0, 1, 0, 0, 0, 1, 0
ILAHFQ6S, 15, 0, 0, 0, 0, 0, 0, 1, 1
3GK9ER6S, 10, 0, 0, 0, 0, 0, 1, 0, 0
2Z7QRT6S, 27, 0, 0, 0, 0, 0, 2, 0, 1
WUVWUT6S, 10, 0, 0, 0, 0, 0, 1, 0, 0
L9Z4MV6S, 10, 0, 0, 0, 0, 0, 1, 0, 0
W3UK5Y6S, 10, 0, 0, 0, 0, 0, 1, 0, 0
WOLA387S, 10, 0, 0, 0, 0, 0, 1, 0, 0
NZD9WA7S, 18, 0, 0, 1, 0, 0, 0, 1, 0
UGAZLD7S, 11, 1, 0, 0, 0, 0, 1, 0, 0
DAKGJE7S, 18, 0, 0, 0, 1, 0, 1, 0, 0
XGDMME7S, 10, 0, 0, 0, 0, 0, 1, 0, 0
2OEZJG7S, 10, 0, 0, 0, 0, 0, 1, 0, 0
NFEMNH7S, 10, 0, 0, 0, 0, 0, 1, 0, 0
9WYMWH7S, 10, 0, 0, 0, 0, 0, 1, 0, 0
GB3R3M7S, 10, 0, 0, 0, 0, 0, 1, 0, 0
K5VG3O7S, 10, 0, 0, 0, 0, 0, 1, 0, 0
QDNEZO7S, 10, 0, 0, 0, 0, 0, 1, 0, 0
IVZFFQ7S, 10, 0, 0, 1, 0, 0, 0, 0, 0
VQS2KW7S, 10, 0, 0, 0, 0, 0, 1, 0, 0
6B2S818S, 10, 0, 0, 0, 0, 0, 1, 0, 0
3RYC828S, 10, 0, 0, 1, 0, 0, 0, 0, 0
9FPEB38S, 10, 0, 0, 0, 0, 0, 1, 0, 0
G4OV578S, 10, 0, 0, 0, 0, 0, 1, 0, 0
27EQ588S, 10, 0, 0, 0, 0, 0, 1, 0, 0
YVGMR98S, 10, 0, 0, 0, 0, 0, 1, 0, 0
351SXA8S, 10, 0, 0, 0, 0, 0, 1, 0, 0
RDN5YC8S, 11, 1, 0, 0, 0, 0, 1, 0, 0
Z5TYVD8S, 10, 0, 0, 0, 0, 0, 1, 0, 0
UQ2AOH8S, 10, 0, 0, 0, 0, 0, 1, 0, 0
FK6SNJ8S, 10, 0, 0, 0, 0, 0, 1, 0, 0
L6OV2L8S, 10, 0, 0, 0, 0, 0, 1, 0, 0
4LR17M8S, 10, 0, 0, 0, 0, 0, 1, 0, 0
D19SDN8S, 18, 0, 0, 0, 0, 0, 1, 1, 0
AY52PQ8S, 10, 0, 0, 0, 0, 0, 1, 0, 0
TATXXR8S, 18, 0, 0, 0, 0, 0, 1, 1, 0
8CHKHS8S, 14, 0, 0, 0, 0, 0, 0, 0, 2
YW2FAU8S, 10, 0, 0, 1, 0, 0, 0, 0, 0
ELPNOV8S, 10, 0, 0, 1, 0, 0, 0, 0, 0
AN1WVX8S, 18, 0, 0, 0, 0, 0, 1, 1, 0
X75VW69S, 15, 0, 0, 0, 1, 0, 0, 0, 1
DC8RW99S, 11, 1, 0, 0, 0, 0, 1, 0, 0
7IMNPG9S, 10, 0, 0, 0, 0, 0, 1, 0, 0
XAXVPG9S, 10, 0, 0, 0, 0, 0, 1, 0, 0
DLOGXI9S, 10, 0, 0, 0, 0, 0, 1, 0, 0
KU22RM9S, 10, 0, 0, 0, 0, 0, 1, 0, 0
55HYLO9S, 10, 0, 0, 0, 0, 0, 1, 0, 0
G7UAIQ9S, 10, 0, 0, 0, 0, 0, 1, 0, 0
3NSBJT9S, 30, 0, 0, 0, 0, 0, 3, 0, 0
L7DGAU9S, 23, 0, 0, 0, 0, 0, 0, 2, 1
VMEMJV9S, 11, 1, 0, 1, 0, 0, 0, 0, 0
LLYHM1AS, 10, 0, 0, 0, 0, 0, 1, 0, 0
BYTTO1AS, 10, 0, 0, 0, 0, 0, 1, 0, 0
4TVRD2AS, 10, 0, 0, 0, 0, 0, 1, 0, 0
TF7PP5AS, 10, 0, 0, 0, 0, 0, 1, 0, 0
WVB99AAS, 20, 0, 0, 0, 0, 0, 2, 0, 0
NLU4BBAS, 38, 0, 0, 0, 0, 0, 3, 1, 0
9BWT9CAS, 10, 0, 0, 0, 0, 0, 1, 0, 0
QLUULGAS, 14, 0, 0, 0, 0, 0, 0, 0, 2
GZ5QJHAS, 10, 0, 0, 0, 0, 0, 1, 0, 0
QUDT3QAS, 20, 0, 0, 0, 0, 0, 2, 0, 0
4VEGNSAS, 10, 0, 0, 0, 0, 0, 1, 0, 0
WL6XDVAS, 10, 0, 0, 0, 0, 0, 1, 0, 0
4LEW73BS, 10, 0, 0, 0, 0, 0, 1, 0, 0
EX7IH3BS, 10, 0, 0, 1, 0, 0, 0, 0, 0
2A76I4BS, 17, 0, 0, 0, 0, 0, 1, 0, 1
TZOYR5BS, 10, 0, 0, 0, 0, 0, 1, 0, 0
VVWN59BS, 20, 0, 0, 0, 0, 0, 2, 0, 0
A4GKP9BS, 10, 0, 0, 0, 0, 0, 1, 0, 0
B7I3IBBS, 11, 1, 0, 0, 0, 0, 1, 0, 0
I9PDKCBS, 10, 0, 0, 0, 0, 0, 1, 0, 0
NKWGTCBS, 10, 0, 0, 1, 0, 0, 0, 0, 0
96OI1DBS, 10, 0, 0, 0, 0, 0, 1, 0, 0
VZUXEHBS, 10, 0, 0, 0, 0, 0, 1, 0, 0
IJC7SJBS, 10, 0, 0, 0, 0, 0, 1, 0, 0
HQTJFKBS, 10, 0, 0, 0, 0, 0, 1, 0, 0
3ZA64OBS, 10, 0, 0, 0, 0, 0, 1, 0, 0
KMJHQOBS, 10, 0, 0, 0, 0, 0, 1, 0, 0
LS7QKTBS, 18, 0, 0, 0, 1, 0, 1, 0, 0
SLKXHUBS, 10, 0, 0, 0, 0, 0, 1, 0, 0
VJ2KSUBS, 12, 1, 1, 0, 0, 0, 1, 0, 0
1P6V5VBS, 10, 0, 0, 1, 0, 0, 0, 0, 0
1AZAHYBS, 17, 0, 0, 0, 0, 0, 1, 0, 1
3PE662CS, 10, 0, 0, 0, 0, 0, 1, 0, 0
ZL4JG3CS, 20, 0, 0, 0, 0, 0, 2, 0, 0
6TODW3CS, 11, 1, 0, 0, 0, 0, 1, 0, 0
7I3JE8CS, 10, 0, 0, 0, 0, 0, 1, 0, 0
U77THACS, 10, 0, 0, 0, 0, 0, 1, 0, 0
4QCVSBCS, 10, 0, 0, 0, 0, 0, 1, 0, 0
Y2RYUCCS, 10, 0, 0, 0, 0, 0, 1, 0, 0
OW3F1ECS, 17, 0, 0, 0, 0, 0, 1, 0, 1
JB1SWECS, 21, 1, 0, 0, 0, 0, 2, 0, 0
XQ819ICS, 10, 0, 0, 0, 0, 0, 1, 0, 0
UWBLJICS, 11, 1, 0, 0, 0, 0, 1, 0, 0
VCJU2LCS, 10, 0, 0, 0, 0, 0, 1, 0, 0
84T7PLCS, 10, 0, 0, 0, 0, 0, 1, 0, 0
H5986OCS, 10, 0, 0, 0, 0, 0, 1, 0, 0
B7RPKOCS, 11, 1, 0, 0, 0, 0, 1, 0, 0
WX96GPCS, 10, 1, 1, 0, 0, 0, 0, 1, 0
IFDALPCS, 18, 0, 0, 0, 0, 0, 1, 1, 0
RXUMRPCS, 10, 0, 0, 0, 0, 0, 1, 0, 0
1CXQZPCS, 10, 0, 0, 0, 0, 0, 1, 0, 0
5PSE4TCS, 15, 0, 0, 0, 0, 0, 0, 1, 1
QVQ4OTCS, 10, 0, 0, 0, 0, 0, 1, 0, 0
T5SYIUCS, 10, 0, 0, 0, 0, 0, 1, 0, 0
WVY4YUCS, 10, 0, 0, 0, 0, 0, 1, 0, 0
U2PX7YCS, 11, 1, 0, 0, 0, 0, 1, 0, 0
2P51T1DS, 30, 0, 0, 0, 0, 0, 3, 0, 0
KZ1JZ1DS, 15, 0, 0, 0, 0, 0, 0, 1, 1
5ETJU4DS, 10, 0, 0, 0, 0, 0, 1, 0, 0
6PSFR8DS, 10, 0, 0, 0, 0, 0, 1, 0, 0
U8FT1CDS, 11, 1, 0, 0, 0, 0, 1, 0, 0
MMY86DDS, 10, 0, 0, 0, 0, 0, 1, 0, 0
A8ESFKDS, 10, 0, 0, 0, 0, 0, 1, 0, 0
YE45QKDS, 10, 0, 0, 1, 0, 0, 0, 0, 0
BUBKXKDS, 10, 0, 0, 0, 0, 0, 1, 0, 0
EY1I4LDS, 10, 0, 0, 0, 0, 0, 1, 0, 0
9PYGDSDS, 19, 1, 0, 1, 0, 0, 0, 1, 0
P7D8MTDS, 27, 0, 0, 0, 0, 0, 2, 0, 1
VOM79UDS, 10, 0, 0, 0, 0, 0, 1, 0, 0
RFVXMZDS, 20, 0, 0, 0, 0, 0, 2, 0, 0
AVEAA2ES, 16, 0, 0, 0, 0, 0, 0, 2, 0
Y2GNE2ES, 10, 0, 0, 0, 0, 0, 1, 0, 0
ONCJB3ES, 10, 0, 0, 0, 0, 0, 1, 0, 0
W2SM55ES, 15, 0, 0, 0, 0, 0, 0, 1, 1
OHQOH7ES, 10, 0, 0, 0, 0, 0, 1, 0, 0
HCEVC8ES, 10, 0, 0, 1, 0, 0, 0, 0, 0
DGNCBEES, 10, 0, 0, 0, 0, 0, 1, 0, 0
W168FFES, 10, 0, 0, 0, 0, 0, 1, 0, 0
MHUGPGES, 10, 0, 0, 0, 0, 0, 1, 0, 0
Q5YSZGES, 16, 0, 0, 0, 0, 0, 0, 2, 0
7KK7FHES, 19, 1, 0, 0, 1, 0, 1, 0, 0
7E1PZHES, 10, 0, 0, 1, 0, 0, 0, 0, 0
2V7P6JES, 10, 0, 0, 0, 0, 0, 1, 0, 0
M53IYOES, 10, 0, 0, 0, 0, 0, 1, 0, 0
U9QXBPES, 20, 0, 0, 0, 0, 0, 2, 0, 0
OYI6YQES, 17, 0, 0, 0, 0, 0, 1, 0, 1
G7TTDRES, 10, 0, 0, 0, 0, 0, 1, 0, 0
V539RUES, 18, 1, 0, 1, 0, 0, 0, 0, 1
UBFSDWES, 10, 0, 0, 0, 0, 0, 1, 0, 0
XA1HC3FS, 10, 0, 0, 0, 0, 0, 1, 0, 0
FTNG94FS, 10, 0, 0, 0, 0, 0, 1, 0, 0
B7YME6FS, 17, 0, 0, 0, 0, 0, 1, 0, 1
6SUUE7FS, 10, 0, 0, 0, 0, 0, 1, 0, 0
BMFGV7FS, 10, 0, 0, 0, 0, 0, 1, 0, 0
GIF6U8FS, 11, 1, 0, 0, 0, 0, 1, 0, 0
NAN6NAFS, 20, 0, 0, 0, 0, 0, 2, 0, 0
KDTKWAFS, 10, 0, 0, 0, 0, 0, 1, 0, 0
MAVEUEFS, 18, 0, 0, 0, 0, 0, 1, 1, 0
Z3ROPOFS, 10, 0, 0, 0, 0, 0, 1, 0, 0
R1TXNQFS, 10, 0, 0, 0, 0, 0, 1, 0, 0
Y2XQSUFS, 10, 0, 0, 0, 0, 0, 1, 0, 0
LZ9M9VFS, 18, 0, 0, 1, 0, 0, 0, 1, 0
LCKXLWFS, 11, 1, 0, 0, 0, 0, 1, 0, 0
IU7442GS, 18, 0, 0, 0, 0, 0, 1, 1, 0
8R18M6GS, 10, 0, 0, 0, 0, 0, 1, 0, 0
TTPJQ7GS, 11, 1, 0, 0, 0, 0, 1, 0, 0
5J1EJ8GS, 10, 0, 0, 0, 0, 0, 1, 0, 0
M95R99GS, 10, 0, 0, 0, 0, 0, 1, 0, 0
IQHS9BGS, 10, 0, 0, 0, 0, 0, 1, 0, 0
OXS9QBGS, 10, 0, 0, 0, 0, 0, 1, 0, 0
167SZDGS, 11, 1, 0, 1, 0, 0, 0, 0, 0
S76P2HGS, 11, 1, 0, 0, 0, 0, 1, 0, 0
WYIJAIGS, 10, 0, 0, 0, 0, 0, 1, 0, 0
68EZ6LGS, 10, 0, 0, 0, 0, 0, 1, 0, 0
GIJKYMGS, 10, 0, 0, 0, 0, 0, 1, 0, 0
DG684QGS, 17, 0, 0, 0, 0, 1, 1, 0, 0
U7EBHRGS, 20, 0, 0, 0, 0, 0, 2, 0, 0
KY156YGS, 12, 1, 1, 0, 0, 0, 1, 0, 0
M3OEH1HS, 10, 0, 0, 0, 0, 0, 1, 0, 0
KR7XS2HS, 11, 1, 0, 0, 0, 0, 1, 0, 0
OAAQT3HS, 10, 0, 0, 0, 0, 0, 1, 0, 0
7MSKS6HS, 10, 0, 0, 0, 0, 0, 1, 0, 0
BNKCFAHS, 10, 0, 0, 0, 0, 0, 1, 0, 0
IMP8SAHS, 10, 0, 0, 0, 0, 0, 1, 0, 0
P9ELQAHS, 10, 0, 0, 0, 0, 0, 1, 0, 0
BOOZECHS, 11, 1, 0, 0, 0, 0, 1, 0, 0
PKBVNCHS, 10, 0, 0, 0, 0, 0, 1, 0, 0
YXI28GHS, 18, 0, 0, 1, 0, 0, 0, 1, 0
VOSHPJHS, 11, 1, 0, 0, 0, 0, 1, 0, 0
CFELHMHS, 10, 0, 0, 1, 0, 0, 0, 0, 0
N9F31QHS, 10, 0, 0, 0, 0, 0, 1, 0, 0
4HZ3CQHS, 18, 0, 0, 0, 0, 0, 1, 1, 0
PM71WQHS, 10, 0, 0, 0, 0, 0, 1, 0, 0
A1PK1SHS, 10, 0, 0, 0, 0, 0, 1, 0, 0
NT65JSHS, 11, 1, 0, 0, 0, 0, 1, 0, 0
JH5UIUHS, 10, 0, 0, 0, 0, 0, 1, 0, 0
XBKVNVHS, 20, 0, 0, 0, 0, 0, 2, 0, 0
O4I29WHS, 10, 0, 0, 1, 0, 0, 0, 0, 0
FUDOIWHS, 21, 1, 0, 0, 0, 0, 2, 0, 0
NDMPRXHS, 10, 0, 0, 0, 0, 0, 1, 0, 0
KXN6IYHS, 10, 0, 0, 0, 0, 0, 1, 0, 0
4L29R8IS, 10, 0, 0, 0, 0, 0, 1, 0, 0
885NM8IS, 11, 1, 0, 0, 0, 0, 1, 0, 0
L5XZ49IS, 10, 0, 0, 0, 0, 0, 1, 0, 0
S8XZUEIS, 10, 0, 0, 0, 0, 0, 1, 0, 0
V14VUJIS, 10, 0, 0, 1, 0, 0, 0, 0, 0
ISCU8PIS, 10, 0, 0, 0, 0, 0, 1, 0, 0
8CT9PPIS, 15, 0, 0, 0, 0, 0, 0, 1, 1
A1AZKUIS, 11, 1, 0, 0, 0, 0, 1, 0, 0
AIYP3YIS, 10, 0, 0, 0, 0, 0, 1, 0, 0
YMTV81JS, 10, 0, 0, 0, 0, 0, 1, 0, 0
HT3JB2JS, 11, 1, 0, 0, 0, 0, 1, 0, 0
4SSZT2JS, 10, 0, 0, 0, 0, 0, 1, 0, 0
1EGE23JS, 15, 0, 0, 0, 0, 1, 0, 1, 0
WFIZM3JS, 10, 0, 0, 0, 0, 0, 1, 0, 0
8OH4H6JS, 10, 0, 0, 0, 0, 0, 1, 0, 0
9EJ5Z8JS, 10, 0, 0, 0, 0, 0, 1, 0, 0
UBNIR9JS, 10, 0, 0, 1, 0, 0, 0, 0, 0
7ALDX9JS, 20, 0, 0, 0, 0, 0, 2, 0, 0
JGUBVBJS, 10, 0, 0, 0, 0, 0, 1, 0, 0
Y4TU5EJS, 16, 0, 0, 0, 0, 0, 0, 2, 0
34WCCHJS, 10, 0, 0, 0, 0, 0, 1, 0, 0
VVMS9KJS, 20, 0, 0, 0, 0, 0, 2, 0, 0
GLOWRMJS, 10, 0, 0, 0, 0, 0, 1, 0, 0
F3I1BOJS, 20, 0, 0, 1, 0, 0, 1, 0, 0
QOPM63KS, 10, 0, 0, 0, 0, 0, 1, 0, 0
NVK6U3KS, 10, 0, 0, 0, 0, 0, 1, 0, 0
O4E1C5KS, 10, 0, 0, 0, 0, 0, 1, 0, 0
FLQPD5KS, 10, 0, 0, 0, 0, 0, 1, 0, 0
7RXVI8KS, 10, 0, 0, 0, 0, 0, 1, 0, 0
L7YEO9KS, 10, 0, 0, 0, 0, 0, 1, 0, 0
UMG6X9KS, 10, 0, 0, 0, 0, 0, 1, 0, 0
3VUJCAKS, 16, 0, 0, 0, 0, 0, 0, 2, 0
WJ4LMBKS, 10, 0, 0, 0, 0, 0, 1, 0, 0
5B8V6EKS, 10, 0, 0, 0, 0, 0, 1, 0, 0
LNR8XEKS, 18, 0, 0, 0, 0, 0, 1, 1, 0
JU9F3JKS, 18, 0, 0, 0, 0, 0, 1, 1, 0
FDI7WPKS, 10, 0, 0, 1, 0, 0, 0, 0, 0
KSZZMSKS, 10, 0, 0, 0, 0, 0, 1, 0, 0
KBOS7XKS, 11, 1, 0, 0, 0, 0, 1, 0, 0
SWHRU2LS, 10, 0, 0, 0, 0, 0, 1, 0, 0
LYN7A3LS, 11, 1, 0, 0, 0, 0, 1, 0, 0
3IICL5LS, 18, 0, 0, 0, 0, 0, 1, 1, 0
4EJEL5LS, 10, 0, 0, 0, 0, 0, 1, 0, 0
3CUHN7LS, 10, 0, 0, 0, 0, 0, 1, 0, 0
TXR46ALS, 10, 0, 0, 0, 0, 0, 1, 0, 0
8UQHBALS, 10, 0, 0, 0, 0, 0, 1, 0, 0
QIY6ADLS, 10, 0, 0, 0, 0, 0, 1, 0, 0
XUZCTFLS, 11, 1, 0, 0, 0, 0, 1, 0, 0
28NPUKLS, 10, 0, 0, 0, 0, 0, 1, 0, 0
P8E5XLLS, 10, 0, 0, 0, 0, 0, 1, 0, 0
RVXDULLS, 11, 1, 0, 0, 0, 0, 1, 0, 0
AURT7PLS, 21, 1, 0, 0, 0, 0, 2, 0, 0
DYNAVULS, 10, 0, 0, 0, 0, 0, 1, 0, 0
7YID13MS, 11, 1, 0, 0, 0, 0, 1, 0, 0
PF1XV7MS, 18, 0, 0, 0, 0, 0, 1, 1, 0
6D6ALDMS, 10, 0, 0, 0, 0, 0, 1, 0, 0
5HACXGMS, 10, 0, 0, 0, 0, 0, 1, 0, 0
QNV2ZHMS, 10, 0, 0, 0, 0, 0, 1, 0, 0
PXWE2JMS, 10, 0, 0, 0, 0, 0, 1, 0, 0
HZ6K6LMS, 10, 0, 0, 0, 0, 0, 1, 0, 0
NI83DLMS, 10, 0, 0, 0, 0, 0, 1, 0, 0
34I2ZUMS, 10, 0, 0, 0, 0, 0, 1, 0, 0
KSWZ4VMS, 18, 0, 0, 0, 0, 0, 1, 1, 0
BW82LWMS, 10, 0, 0, 0, 0, 0, 1, 0, 0
A9Q1KZMS, 10, 0, 0, 0, 0, 0, 1, 0, 0
4888ZZMS, 10, 0, 0, 0, 0, 0, 1, 0, 0
S1P3P4NS, 14, 0, 0, 0, 0, 1, 0, 0, 1
LVQZT6NS, 10, 0, 0, 0, 0, 0, 1, 0, 0
EU1QABNS, 20, 0, 0, 2, 0, 0, 0, 0, 0
MS68ECNS, 10, 0, 0, 0, 0, 0, 1, 0, 0
WF1SGCNS, 10, 0, 0, 0, 0, 0, 1, 0, 0
ZLZRWFNS, 10, 0, 0, 0, 0, 0, 1, 0, 0
8JBNMGNS, 16, 1, 0, 0, 0, 0, 0, 1, 1
2QMM6KNS, 10, 0, 0, 0, 0, 0, 1, 0, 0
NZOC5MNS, 11, 1, 0, 0, 0, 0, 1, 0, 0
BQNRMMNS, 10, 0, 0, 0, 0, 0, 1, 0, 0
4LO41ONS, 20, 0, 0, 1, 0, 0, 1, 0, 0
NCB92ONS, 10, 0, 0, 0, 0, 0, 1, 0, 0
WNHZCONS, 10, 0, 0, 0, 0, 0, 1, 0, 0
7UVH4PNS, 10, 0, 0, 0, 0, 0, 1, 0, 0
ZJWN1SNS, 10, 0, 0, 0, 0, 0, 1, 0, 0
YD8QGSNS, 10, 0, 0, 0, 0, 0, 1, 0, 0
Q3VTBUNS, 20, 0, 0, 0, 0, 0, 2, 0, 0
B2DUVXNS, 10, 0, 0, 0, 0, 0, 1, 0, 0
1KJKCYNS, 11, 1, 0, 0, 0, 0, 1, 0, 0
JT5SU2OS, 17, 0, 0, 0, 0, 0, 1, 0, 1
4428I4OS, 11, 1, 0, 0, 0, 0, 1, 0, 0
XCPP85OS, 18, 0, 0, 0, 0, 0, 1, 1, 0
MQS716OS, 10, 0, 0, 0, 0, 0, 1, 0, 0
T3MU9AOS, 10, 0, 0, 1, 0, 0, 0, 0, 0
LG34RFOS, 18, 1, 0, 0, 0, 1, 1, 0, 0
8Z54YHOS, 10, 0, 0, 0, 0, 0, 1, 0, 0
UICB1KOS, 10, 0, 0, 0, 0, 0, 1, 0, 0
4MYU5NOS, 11, 1, 0, 0, 0, 0, 1, 0, 0
9B3N9NOS, 20, 0, 0, 0, 0, 0, 2, 0, 0
8KCRIOOS, 18, 0, 0, 0, 0, 0, 1, 1, 0
NJR5YOOS, 10, 0, 0, 0, 0, 0, 1, 0, 0
UL149UOS, 10, 0, 0, 0, 0, 0, 1, 0, 0
ABW9DXOS, 11, 1, 0, 0, 0, 0, 1, 0, 0
7TUKHYOS, 10, 0, 0, 0, 0, 0, 1, 0, 0
715BG1PS, 10, 0, 0, 0, 0, 0, 1, 0, 0
B754V1PS, 10, 0, 0, 0, 0, 0, 1, 0, 0
25I4V2PS, 20, 0, 0, 0, 0, 0, 2, 0, 0
FQI953PS, 10, 0, 0, 0, 0, 0, 1, 0, 0
LSFNA3PS, 10, 0, 0, 0, 0, 0, 1, 0, 0
1O7CW3PS, 10, 0, 0, 0, 0, 0, 1, 0, 0
Q9F846PS, 10, 0, 0, 0, 0, 0, 1, 0, 0
LPUH98PS, 10, 0, 0, 0, 0, 0, 1, 0, 0
YFI5EAPS, 10, 0, 0, 0, 0, 0, 1, 0, 0
XER5CFPS, 10, 0, 0, 0, 0, 0, 1, 0, 0
EI4RKJPS, 18, 0, 0, 0, 0, 0, 1, 1, 0
SNAVVJPS, 10, 0, 0, 0, 0, 0, 1, 0, 0
QONTOLPS, 16, 0, 0, 0, 0, 0, 0, 2, 0
OF7GAMPS, 15, 0, 0, 0, 0, 0, 0, 1, 1
5PHVKOPS, 11, 1, 0, 0, 0, 0, 1, 0, 0
2VNUVSPS, 11, 1, 0, 0, 0, 0, 1, 0, 0
5R178UPS, 18, 0, 0, 0, 0, 0, 1, 1, 0
SQ4GRVPS, 10, 0, 0, 0, 0, 0, 1, 0, 0
UZC8FWPS, 10, 0, 0, 0, 0, 0, 1, 0, 0
R9XO51QS, 20, 0, 0, 0, 0, 0, 2, 0, 0
ZQI4K4QS, 10, 0, 0, 0, 0, 0, 1, 0, 0
V7L516QS, 20, 1, 1, 0, 0, 0, 1, 1, 0
KS3KP6QS, 10, 0, 0, 0, 0, 0, 1, 0, 0
5VD39DQS, 10, 0, 0, 0, 0, 0, 1, 0, 0
K5NPXKQS, 10, 0, 0, 0, 0, 0, 1, 0, 0
UKMAELQS, 10, 0, 0, 0, 0, 0, 1, 0, 0
YBEEGLQS, 10, 0, 0, 0, 0, 0, 1, 0, 0
YNA4HQQS, 11, 1, 0, 0, 0, 0, 1, 0, 0
ICNRFSQS, 10, 0, 0, 0, 0, 0, 1, 0, 0
3HL4JSQS, 18, 0, 0, 0, 0, 0, 1, 1, 0
ZHXDOSQS, 10, 0, 0, 0, 0, 0, 1, 0, 0
W9WRHUQS, 10, 0, 0, 0, 0, 0, 1, 0, 0
JG4KIVQS, 10, 0, 0, 0, 0, 0, 1, 0, 0
EC5ZEXQS, 18, 0, 0, 0, 0, 0, 1, 1, 0
7FGHGYQS, 10, 0, 0, 0, 0, 0, 1, 0, 0
4GYT3ZQS, 10, 0, 0, 0, 0, 0, 1, 0, 0
8GSIKARS, 20, 0, 0, 0, 0, 0, 2, 0, 0
77UBOCRS, 19, 1, 0, 0, 0, 0, 1, 1, 0
SF3ZKCRS, 20, 0, 0, 0, 0, 0, 2, 0, 0
1KASKERS, 10, 0, 0, 0, 0, 0, 1, 0, 0
UL8CGMRS, 10, 0, 0, 0, 0, 0, 1, 0, 0
DRR5ZMRS, 11, 1, 0, 0, 0, 0, 1, 0, 0
YRTAFNRS, 17, 0, 0, 0, 0, 0, 1, 0, 1
AKBZQNRS, 10, 0, 0, 0, 0, 0, 1, 0, 0
ZO117ORS, 10, 0, 0, 0, 0, 0, 1, 0, 0
ECQJLORS, 10, 0, 0, 0, 0, 0, 1, 0, 0
YZHB6QRS, 10, 0, 0, 0, 0, 0, 1, 0, 0
6E76MRRS, 10, 0, 0, 1, 0, 0, 0, 0, 0
AMHQ5WRS, 10, 0, 0, 0, 0, 0, 1, 0, 0
98INJWRS, 10, 0, 0, 0, 0, 0, 1, 0, 0
FTR5UXRS, 15, 0, 0, 0, 0, 0, 0, 1, 1
C7FYZYRS, 10, 0, 0, 0, 0, 0, 1, 0, 0
RUNUH1SS, 10, 0, 0, 1, 0, 0, 0, 0, 0
LUG8L3SS, 10, 0, 0, 0, 0, 0, 1, 0, 0
QEXFH8SS, 10, 0, 0, 0, 0, 0, 1, 0, 0
FVCTKBSS, 26, 0, 0, 0, 1, 0, 1, 1, 0
YI9PKDSS, 10, 0, 0, 0, 0, 0, 1, 0, 0
PXL2XESS, 10, 0, 0, 0, 0, 0, 1, 0, 0
GFTSMHSS, 18, 0, 0, 0, 0, 0, 1, 1, 0
NLT9NISS, 10, 0, 0, 0, 0, 0, 1, 0, 0
I48T5KSS, 19, 1, 0, 0, 0, 0, 1, 1, 0
BMJYBKSS, 15, 0, 0, 0, 0, 0, 0, 1, 1
NMGFNLSS, 18, 0, 0, 0, 0, 0, 1, 1, 0
PGJWKLSS, 10, 0, 0, 0, 0, 0, 1, 0, 0
ISDSUNSS, 17, 0, 0, 0, 0, 0, 1, 0, 1
XF5KSQSS, 10, 0, 0, 0, 0, 0, 1, 0, 0
6XR8PSSS, 21, 1, 0, 0, 0, 0, 2, 0, 0
BUYGWTSS, 10, 0, 0, 0, 0, 0, 1, 0, 0
R8JHM1TS, 10, 0, 0, 0, 0, 0, 1, 0, 0
K6QCE5TS, 20, 0, 0, 0, 0, 0, 2, 0, 0
YESV69TS, 11, 1, 0, 0, 0, 0, 1, 0, 0
K5ZMUATS, 10, 0, 0, 1, 0, 0, 0, 0, 0
VTWVYBTS, 16, 0, 0, 0, 1, 0, 0, 1, 0
LXDHBCTS, 10, 0, 0, 0, 0, 0, 1, 0, 0
68W9UCTS, 11, 1, 0, 0, 0, 0, 1, 0, 0
PEQTMGTS, 10, 0, 0, 0, 0, 0, 1, 0, 0
V2W95HTS, 10, 0, 0, 0, 0, 0, 1, 0, 0
QXMHQLTS, 10, 0, 0, 0, 0, 0, 1, 0, 0
OMUOPMTS, 10, 0, 0, 0, 0, 0, 1, 0, 0
E6Z2GTTS, 18, 0, 0, 0, 0, 0, 1, 1, 0
BG6E4XTS, 10, 0, 0, 0, 0, 0, 1, 0, 0
ZAQCDXTS, 10, 0, 0, 0, 0, 0, 1, 0, 0
U6XAD3US, 18, 0, 0, 0, 0, 0, 1, 1, 0
SC6ZK4US, 20, 0, 0, 0, 0, 0, 2, 0, 0
HJT715US, 25, 0, 0, 0, 0, 0, 1, 1, 1
4BPL58US, 10, 0, 0, 0, 0, 0, 1, 0, 0
631XB9US, 25, 0, 0, 0, 1, 0, 1, 0, 1
1LU9YAUS, 10, 0, 0, 0, 0, 0, 1, 0, 0
KLRPJBUS, 18, 0, 0, 0, 0, 0, 1, 1, 0
ZHAW7CUS, 15, 0, 0, 0, 0, 0, 0, 1, 1
I6ME4DUS, 10, 0, 0, 0, 0, 0, 1, 0, 0
OHJC1EUS, 15, 0, 0, 0, 0, 0, 0, 1, 1
OKL7KHUS, 10, 0, 0, 0, 0, 0, 1, 0, 0
TZO71IUS, 10, 0, 0, 0, 0, 0, 1, 0, 0
21BQHJUS, 10, 0, 0, 0, 0, 0, 1, 0, 0
BTYEUKUS, 10, 0, 0, 0, 0, 0, 1, 0, 0
E6T4VRUS, 16, 0, 0, 0, 1, 0, 0, 1, 0
GOPYPSUS, 10, 0, 0, 0, 0, 0, 1, 0, 0
O3WY9TUS, 10, 0, 0, 0, 0, 0, 1, 0, 0
P3OE4WUS, 10, 0, 0, 0, 0, 0, 1, 0, 0
V5TF9XUS, 18, 0, 0, 0, 0, 0, 1, 1, 0
5OABKYUS, 10, 0, 0, 0, 0, 0, 1, 0, 0
WSYOX2VS, 10, 0, 0, 0, 0, 0, 1, 0, 0
6RN118VS, 10, 0, 0, 0, 0, 0, 1, 0, 0
TC6S9DVS, 10, 0, 0, 1, 0, 0, 0, 0, 0
89SDUFVS, 10, 0, 0, 0, 0, 0, 1, 0, 0
FMA39LVS, 10, 0, 0, 0, 0, 0, 1, 0, 0
A9GJ4MVS, 10, 0, 0, 0, 0, 0, 1, 0, 0
KG4XXMVS, 10, 0, 0, 0, 0, 0, 1, 0, 0
NY71NOVS, 10, 0, 0, 0, 0, 0, 1, 0, 0
R1HC3RVS, 10, 0, 0, 0, 0, 0, 1, 0, 0
FRPTVSVS, 10, 0, 0, 0, 0, 0, 1, 0, 0
PNIYVSVS, 10, 0, 0, 0, 0, 0, 1, 0, 0
BTN42UVS, 10, 0, 0, 0, 0, 0, 1, 0, 0
K8PBOUVS, 18, 0, 0, 0, 0, 0, 1, 1, 0
NEW7IWVS, 30, 0, 0, 0, 0, 0, 3, 0, 0
S61LWYVS, 10, 0, 0, 0, 0, 0, 1, 0, 0
3B9XV1WS, 20, 0, 0, 0, 0, 0, 2, 0, 0
4JAU32WS, 25, 0, 0, 0, 0, 0, 1, 1, 1
DSF9C6WS, 10, 0, 0, 0, 0, 0, 1, 0, 0
19PVD6WS, 10, 0, 0, 0, 0, 0, 1, 0, 0
BY6QK6WS, 19, 1, 0, 0, 0, 0, 1, 1, 0
G1L9V8WS, 20, 0, 0, 0, 0, 0, 2, 0, 0
I6YA4AWS, 11, 1, 0, 0, 0, 0, 1, 0, 0
4CRNCBWS, 10, 0, 0, 0, 0, 0, 1, 0, 0
FV4WQDWS, 10, 0, 0, 0, 0, 0, 1, 0, 0
OFAH4EWS, 10, 0, 0, 0, 0, 0, 1, 0, 0
ND77JFWS, 10, 0, 0, 0, 0, 0, 1, 0, 0
O4EUQGWS, 10, 0, 0, 0, 0, 0, 1, 0, 0
JOA8YIWS, 26, 1, 0, 1, 0, 0, 0, 1, 1
XORWQKWS, 10, 0, 0, 1, 0, 0, 0, 0, 0
HH2SALWS, 10, 0, 0, 0, 0, 0, 1, 0, 0
LZGHTNWS, 20, 0, 0, 0, 0, 0, 2, 0, 0
ISWRKQWS, 12, 1, 1, 0, 0, 0, 1, 0, 0
YUM81UWS, 10, 0, 0, 1, 0, 0, 0, 0, 0
5ENI1VWS, 10, 0, 0, 0, 0, 0, 1, 0, 0
J7WRIZWS, 10, 0, 0, 0, 0, 0, 1, 0, 0
RXQZNZWS, 17, 0, 0, 0, 0, 0, 1, 0, 1
N1JNO2XS, 10, 0, 0, 0, 0, 0, 1, 0, 0
HFKCA8XS, 10, 0, 0, 0, 0, 0, 1, 0, 0
B8FZF8XS, 10, 0, 0, 0, 0, 0, 1, 0, 0
1I9UABXS, 18, 0, 0, 1, 0, 0, 0, 1, 0
VQV7TBXS, 16, 1, 0, 0, 0, 0, 0, 1, 1
EFACFCXS, 11, 1, 0, 0, 0, 0, 1, 0, 0
P4I1QEXS, 10, 0, 0, 0, 0, 0, 1, 0, 0
9S6BTEXS, 10, 0, 0, 0, 0, 0, 1, 0, 0
J8NWQGXS, 10, 0, 0, 0, 0, 0, 1, 0, 0
EI6JLHXS, 10, 0, 0, 0, 0, 0, 1, 0, 0
FU5RBIXS, 18, 0, 0, 0, 0, 0, 1, 1, 0
PR9ZNIXS, 10, 0, 0, 0, 0, 0, 1, 0, 0
JGJPEKXS, 10, 0, 0, 0, 0, 0, 1, 0, 0
4NPKIMXS, 10, 0, 0, 0, 0, 0, 1, 0, 0
UA1DXOXS, 10, 0, 0, 0, 0, 0, 1, 0, 0
J4O27QXS, 10, 0, 0, 0, 0, 0, 1, 0, 0
OVIW2RXS, 11, 1, 0, 0, 0, 0, 1, 0, 0
NCCOKRXS, 20, 0, 0, 0, 0, 0, 2, 0, 0
MZ3GUUXS, 10, 0, 0, 0, 0, 0, 1, 0, 0
KYH7HWXS, 20, 0, 0, 0, 0, 0, 2, 0, 0
L7KVVZXS, 10, 0, 0, 0, 0, 0, 1, 0, 0
GS4FH1YS, 17, 0, 0, 1, 0, 0, 0, 0, 1
1U6KY1YS, 10, 0, 0, 0, 0, 0, 1, 0, 0
BO33F7YS, 18, 0, 0, 0, 0, 0, 1, 1, 0
DVLOJDYS, 10, 0, 0, 0, 0, 0, 1, 0, 0
SOWG4LYS, 10, 0, 0, 1, 0, 0, 0, 0, 0
3LG4RMYS, 15, 0, 0, 0, 0, 0, 0, 1, 1
JF6LSMYS, 10, 0, 0, 0, 0, 0, 1, 0, 0
9UIHBUYS, 11, 1, 0, 0, 0, 0, 1, 0, 0
9YCUEVYS, 15, 0, 0, 0, 0, 0, 0, 1, 1
N4DPQWYS, 10, 0, 0, 0, 0, 0, 1, 0, 0
POZH8XYS, 10, 0, 0, 0, 0, 0, 1, 0, 0
TZVLXXYS, 16, 0, 0, 0, 0, 0, 0, 2, 0
FWWBTZYS, 18, 0, 0, 0, 0, 0, 1, 1, 0
BUS1G2ZS, 11, 1, 0, 0, 0, 0, 1, 0, 0
J7N973ZS, 10, 0, 0, 0, 0, 0, 1, 0, 0
XBB2W4ZS, 18, 0, 0, 0, 0, 0, 1, 1, 0
PMBGH5ZS, 20, 0, 0, 0, 0, 0, 2, 0, 0
5U6ZS7ZS, 10, 0, 0, 0, 0, 0, 1, 0, 0
AJ4M9AZS, 10, 0, 0, 0, 0, 0, 1, 0, 0
J5CDZCZS, 20, 0, 0, 0, 0, 0, 2, 0, 0
8FUS4DZS, 10, 0, 0, 0, 0, 0, 1, 0, 0
GV7T1FZS, 10, 0, 0, 1, 0, 0, 0, 0, 0
6NM48FZS, 10, 0, 0, 0, 0, 0, 1, 0, 0
BM6LQFZS, 10, 0, 0, 0, 0, 0, 1, 0, 0
D5GLCKZS, 10, 0, 0, 0, 0, 0, 1, 0, 0
38QXQKZS, 10, 0, 0, 1, 0, 0, 0, 0, 0
P9CZYKZS, 10, 0, 0, 0, 0, 0, 1, 0, 0
BHFNOLZS, 10, 0, 0, 0, 0, 0, 1, 0, 0
CIHKMQZS, 15, 0, 0, 0, 0, 0, 0, 1, 1
HC9OKRZS, 10, 0, 0, 0, 0, 0, 1, 0, 0
GJJDNRZS, 18, 0, 0, 0, 0, 0, 1, 1, 0
M6M2WTZS, 20, 0, 0, 0, 0, 0, 2, 0, 0
FYKV6VZS, 10, 0, 0, 0, 0, 0, 1, 0, 0
JYCL2XZS, 11, 1, 0, 0, 0, 0, 1, 0, 0
74QS9XZS, 11, 1, 0, 0, 0, 0, 1, 0, 0
9WHOYYZS, 10, 0, 0, 0, 0, 0, 1, 0, 0
NM3M111T, 10, 0, 0, 0, 0, 0, 1, 0, 0
33YH831T, 10, 0, 0, 0, 0, 0, 1, 0, 0
VEOI451T, 10, 0, 0, 0, 0, 0, 1, 0, 0
HQPO171T, 10, 0, 0, 0, 0, 0, 1, 0, 0