12LOJOVH,251,0,2,0,1,0,0,0,0,0,0,0,0,0,1,1,0,0,0,0,1,1
1332JGL3,245,1,2,0,0,0,0,0,0,0,0,0,0,0,1,0,0,0,1,1,0,1
15YUSRSA,245,1,1,1,0,0,0,0,0,0,0,0,0,0,1,0,1,0,0,0,1,0
161TBL83,257,1,2,0,0,0,0,0,1,0,1,0,0,0,1,0,0,1,1,0,0,1
179JDMBF,243,1,2,0,0,0,1,0,0,0,0,0,0,0,0,0,0,0,1,0,1,0
17HGH7BG,281,0,2,0,2,0,0,0,0,0,1,1,0,0,0,1,0,0,0,0,0,1
1A1V4OVA,245,0,2,0,1,0,1,0,0,0,0,0,0,0,0,0,0,0,1,0,0,0
1FDAUI9I,255,0,2,0,1,0,1,0,0,0,0,1,0,0,0,0,0,1,0,1,1,1
1HHSUP26,242,0,1,1,0,0,1,1,0,0,0,0,1,0,1,1,0,1,1,0,0,1
1MZ7NUKL,249,2,2,0,0,0,0,0,0,0,0,1,0,0,0,1,0,1,0,1,1,0
1QATUAZK,270,1,1,1,1,0,0,0,0,0,0,0,1,0,0,0,0,0,1,0,1,0
1R2TE2Y5,262,1,2,0,0,0,1,0,0,0,1,0,0,0,0,1,1,1,0,1,0,0
1SFMNC35,270,1,1,1,1,0,0,0,0,0,0,0,0,0,0,0,0,0,1,1,0,1
1TQXZ6SI,253,1,2,0,0,0,0,0,0,0,0,0,0,0,1,0,1,1,0,1,1,0
1VAFOD25,242,1,1,1,0,0,0,0,0,0,0,0,0,0,1,0,0,1,0,0,0,0
1VR8E42O,278,0,1,1,1,1,0,0,1,0,0,0,0,0,0,0,0,0,1,0,1,0
1WK7LIZF,245,1,2,0,0,0,0,0,0,0,0,0,0,0,1,0,1,0,0,0,1,0
21C55OYC,281,0,1,1,2,0,0,0,0,0,0,0,1,0,1,0,0,1,0,0,0,0
23F6HS25,254,0,2,0,0,1,1,1,0,0,0,0,0,0,0,0,1,0,0,0,0,0
279IAEBI,248,1,2,0,0,0,0,0,0,0,0,0,0,1,1,1,0,0,0,1,0,0
28UIHFQA,264,1,1,1,1,0,0,0,0,0,0,0,0,0,0,0,0,0,0,0,1,0
2D8NANCP,322,0,2,1,0,0,0,0,1,1,0,0,0,0,0,0,1,1,0,0,0,0
2FFOPA31,277,1,1,1,1,0,1,1,0,0,0,0,0,0,0,0,0,0,0,0,0,0
2G1DWY2L,250,1,2,0,0,0,0,0,0,0,1,1,0,0,1,0,0,1,0,0,0,1
2GE973G8,249,1,2,0,0,0,0,1,0,0,0,0,0,0,1,0,0,1,0,0,0,0
2HCJRYPF,248,0,2,0,1,0,0,0,0,1,0,0,0,0,0,1,0,0,0,1,0,0
2HF1CZ3F,244,1,1,1,0,0,0,0,0,0,1,0,1,0,0,1,0,0,0,0,1,0
2HI3YCD3,249,1,2,0,0,0,0,0,0,0,0,0,0,0,0,1,1,1,0,0,1,0
2JANTGLE,244,1,1,0,1,2,0,0,0,0,0,0,0,1,1,0,1,0,0,0,0,1
2KJX234L,243,0,2,0,1,0,0,1,0,0,0,0,0,0,0,0,0,0,0,1,0,0
2KKHEJW4,257,0,2,0,1,0,0,0,0,0,0,0,0,0,1,1,0,1,1,0,0,0
2LO6CUS6,248,0,2,0,1,0,0,1,0,0,0,0,0,0,0,0,0,0,1,1,0,1
2M985WVM,253,1,2,0,0,0,0,0,0,0,0,0,0,0,1,0,1,1,1,0,0,1
2MTUDRE3,242,0,2,0,1,0,0,0,0,0,1,0,0,0,0,0,0,1,0,0,0,0
2NHUWQDX,281,0,2,0,2,0,1,0,0,1,0,0,1,0,0,0,0,0,0,0,0,0
2NKOINI7,246,1,1,1,0,0,0,0,0,0,0,0,0,0,0,1,1,0,1,0,0,0
2NQK8PJ1,265,1,2,0,0,1,0,0,0,0,0,0,0,0,0,0,0,0,0,1,0,0
2NS2HILK,268,1,1,1,1,0,0,0,0,0,0,0,0,0,0,0,1,0,0,0,0,0
2PR9CP64,294,0,2,0,2,0,0,0,1,0,0,0,0,0,1,1,0,0,1,1,0,0
2S3QNI8I,340,0,3,0,0,1,0,0,0,0,0,0,0,0,0,1,0,0,0,0,0,0
2UQFT5P3,249,0,2,0,0,1,0,0,0,0,1,0,0,0,0,1,0,1,0,0,0,0
2VJYMW97,252,1,1,1,0,0,0,0,0,0,0,0,1,0,1,1,1,0,0,0,0,0
2VXLWKB9,276,1,2,0,0,1,0,0,0,0,0,0,0,0,0,0,1,1,0,0,1,1
2XWTYQR8,243,1,1,1,0,0,1,0,1,0,0,0,0,0,0,0,0,0,0,0,0,0
2XXI5WEK,249,1,2,0,0,0,0,1,1,0,0,1,0,1,0,0,0,0,0,1,0,0
2ZFU5J4L,250,1,2,0,0,0,0,0,0,0,0,0,0,0,1,1,0,1,0,0,0,1
31L9M9D5,244,0,2,0,1,0,0,0,0,0,0,0,0,0,1,0,0,0,0,1,0,0
32GDW5A1,244,1,1,1,0,0,0,0,0,0,0,0,0,0,1,1,0,0,0,0,0,0
39APN7FA,277,1,2,0,0,1,0,0,0,0,0,0,0,0,1,0,0,0,1,1,0,0
39USV4J3,247,0,2,0,0,1,0,0,0,0,0,0,0,0,0,1,0,1,0,0,1,0
3ADZA7ZH,253,1,2,0,0,0,1,0,0,0,0,0,1,0,0,1,0,0,1,1,0,0
3AEHQ7LM,248,0,1,1,0,1,0,0,1,0,0,0,0,0,0,1,0,0,0,0,1,0
3AUEB3L6,244,0,1,1,1,0,0,1,0,0,0,0,0,0,0,0,0,0,1,0,0,0
3B1O4EUD,247,1,2,0,0,0,0,0,0,0,0,0,0,1,0,0,1,1,1,0,1,0
3B6B913M,244,1,2,0,0,0,0,0,0,0,0,0,0,0,0,1,0,1,0,1,0,0
3DQYOZZ3,244,1,2,0,0,0,0,0,0,0,0,0,0,0,1,1,0,0,0,0,0,0
3F57J3LE,243,0,2,0,0,1,0,0,0,0,0,1,0,0,0,1,0,0,0,0,0,0
3I2E13JC,244,1,2,0,0,0,0,0,0,0,0,0,0,0,0,1,0,1,0,1,0,0
3I9GKEA2,255,0,2,0,0,1,1,0,0,0,0,0,0,0,0,1,0,0,1,0,1,1
3IZCXZV2,273,0,2,0,1,1,0,0,0,0,0,0,0,0,0,1,0,0,0,0,0,0
3J4BGJ1F,262,1,2,0,0,1,0,0,0,0,0,0,0,0,0,0,0,0,0,0,0,0
3PKQ5924,249,1,1,1,0,0,0,0,1,0,0,0,0,0,1,0,1,0,0,0,0,0
3QI5B4O4,275,0,1,1,1,1,1,0,0,0,0,0,0,0,0,0,0,0,0,0,0,1
3R35C6I1,244,1,2,0,0,0,0,0,0,0,0,0,0,0,1,1,0,0,0,0,0,0
3SB41CM9,243,1,2,0,0,0,0,0,0,0,1,0,0,0,0,1,0,0,0,0,1,1
3UI71MN3,242,1,1,1,0,0,0,0,0,0,0,0,0,0,0,0,1,1,0,0,1,0
3V4FNWJE,242,0,2,0,1,0,0,0,0,0,0,0,0,0,0,0,1,0,0,1,0,0
3W2YCCQH,242,1,2,0,0,0,0,1,0,0,0,0,0,0,0,0,1,0,0,0,0,0
3XJ8J6H5,245,0,2,0,1,0,0,0,0,0,0,0,1,0,0,0,1,0,1,0,0,0
417KIB6A,243,0,2,0,0,1,0,0,0,0,1,0,0,0,0,0,0,1,0,0,0,1
435CRGQ6,246,1,2,0,0,0,0,0,1,0,0,0,0,0,0,0,1,0,1,0,0,1
43T1IE38,243,1,2,0,0,0,0,0,0,0,0,0,0,0,1,0,1,0,0,0,0,0
443RFFLK,252,0,2,0,0,1,0,0,0,0,0,0,0,1,1,0,1,0,1,0,0,0
45QWQBR3,245,0,2,0,0,1,0,1,0,0,0,0,0,0,0,0,0,1,0,0,0,0
46UHUDGL,248,0,2,0,1,0,0,0,0,1,0,0,0,0,0,0,0,1,0,1,1,0
46W6DUXA,262,2,2,0,1,0,0,0,0,0,0,0,0,0,0,0,0,0,0,0,0,0
46X4MANI,248,0,2,0,1,0,0,0,0,0,0,0,0,0,1,0,1,0,0,0,0,1
47U5W3V9,263,1,2,0,1,0,0,0,0,0,0,0,0,0,0,0,0,0,0,0,0,1
48NDDXS2,243,1,2,0,0,0,0,0,1,0,0,0,0,0,1,0,0,0,0,0,0,0
497XECRH,251,1,2,0,0,0,0,0,0,1,0,0,0,0,0,1,0,1,1,0,0,1
4B7CQ3TG,246,0,1,1,1,0,0,1,0,0,0,0,0,0,0,0,1,0,0,0,0,0
4BBYKK73,273,1,2,0,1,0,0,0,0,1,0,0,0,0,0,0,0,0,1,0,1,0
4BDR9MTF,268,1,1,1,1,0,0,0,0,0,0,0,0,0,0,0,1,0,0,0,0,0
4BOH9FJ6,245,1,2,0,0,0,1,0,0,0,0,0,0,0,0,1,0,0,0,0,0,1
4DMVFSSC,249,0,2,0,1,0,0,0,0,0,1,0,0,0,1,0,0,0,1,0,0,0
4EOHH26C,245,2,1,1,0,0,0,0,0,1,1,0,0,0,0,1,0,0,0,0,0,0
4FQJ8N6I,244,0,1,1,1,0,0,0,0,0,0,0,0,0,0,0,1,1,0,0,0,0
4I1DFHRB,249,2,2,0,0,0,0,0,1,0,0,0,1,0,0,0,1,1,0,0,0,1
4IDTLJR9,242,1,1,1,0,0,0,0,0,0,0,0,0,0,0,0,1,0,1,0,1,1
4IXZ1CX6,248,2,2,0,0,0,0,0,0,0,0,0,0,0,1,1,0,0,1,0,0,0
4JEKELGH,249,1,2,0,0,0,0,0,0,0,0,0,0,0,1,0,1,0,1,0,1,0
4LD32WM4,270,1,2,0,1,0,0,0,0,0,0,0,0,0,1,0,0,0,0,0,0,0
4LDPGSCE,245,1,2,0,0,0,0,0,1,0,0,0,0,0,0,0,1,0,1,0,0,0
4R2AFSVK,256,1,2,0,0,0,1,1,0,0,0,0,0,1,0,1,0,0,0,1,0,1
4SWY54YD,245,0,2,0,1,0,0,0,0,0,0,1,0,0,0,0,1,0,0,1,0,0
4XGDGY8N,277,1,1,1,0,1,0,0,0,0,0,0,0,0,0,0,1,1,1,0,0,0
4YDHR3S9,249,1,1,1,0,0,0,1,0,0,0,0,0,0,0,1,1,0,0,0,0,0
521CWWVL,247,1,2,0,0,0,0,0,0,1,0,0,0,0,1,0,0,1,0,0,0,0
54O8E1XD,286,2,2,0,0,1,0,0,0,0,1,1,1,0,0,1,1,0,0,0,1,0
54YAAVT1,251,1,2,0,0,0,1,0,0,0,0,0,0,0,0,1,1,0,0,0,0,1
567XNH23,246,0,2,0,0,1,0,0,0,0,0,0,0,0,1,0,0,1,0,0,0,0
59K7NWWJ,248,2,2,0,0,0,0,0,0,1,0,0,0,0,0,1,0,1,0,0,1,0
5AK8UBU4,270,1,2,0,1,0,0,0,0,0,0,0,0,0,1,0,0,0,0,0,0,0
5E3MW5AB,248,0,1,1,1,0,0,0,0,0,0,0,0,0,0,1,0,1,0,1,0,0
5EH5OS16,247,1,1,1,0,0,0,0,0,0,0,0,0,0,0,1,1,1,0,0,0,0
5EHYGCWH,262,0,1,1,1,0,1,0,0,1,0,0,0,0,0,1,1,0,0,0,1,1
5EM3GX33,242,1,1,1,0,0,0,0,0,0,0,0,0,0,1,0,0,1,0,0,0,0
5G8OUW4I,273,2,1,1,1,0,0,0,0,1,0,1,0,0,0,0,0,0,0,1,0,0
5GHZ334D,244,1,2,0,0,0,0,1,0,0,0,1,0,0,0,0,0,1,0,0,0,0
5GN8E349,343,1,3,0,0,0,0,0,0,0,0,0,0,0,1,0,1,0,0,0,0,0
5KSOAVQE,246,1,2,0,0,0,0,1,0,0,0,0,0,0,0,0,0,1,0,1,1,0
5NXR5ZDA,246,2,1,1,0,0,0,0,0,0,0,0,0,0,1,1,0,0,0,0,1,0
5SKU1GIK,246,1,1,1,0,0,0,0,1,0,0,0,0,0,0,0,1,1,0,0,0,0
61ZANTY8,279,1,2,0,1,0,0,0,0,0,0,0,0,0,1,0,0,0,1,1,1,0
62KZC1Q3,244,1,1,1,0,0,0,0,0,0,0,0,0,0,1,0,0,1,0,0,1,0
642I5VU1,243,0,2,0,1,0,0,0,0,0,0,0,0,0,1,0,0,0,0,0,1,0
64DQP5N4,243,0,2,0,1,0,0,0,0,0,0,0,0,0,0,0,1,0,0,1,0,1
64YIX1Y7,276,1,2,0,1,0,0,0,0,0,0,0,0,0,1,0,0,0,1,0,1,0
6AQ64U34,245,1,1,1,0,0,0,0,0,0,0,0,0,0,0,1,0,1,0,1,0,1
6BKM69YH,246,0,2,0,1,0,0,0,0,1,0,0,0,0,1,0,0,0,0,0,0,0
6BUYRP9F,283,2,1,1,1,0,0,1,0,0,0,0,0,0,0,1,0,1,0,0,1,0
6CQCLEOC,245,0,2,0,1,0,0,0,1,0,0,0,0,0,0,0,1,0,0,0,0,0
6CXTG9W6,243,0,2,0,0,1,0,0,0,0,0,0,0,0,0,0,0,1,0,1,1,0
6F3GGIIQ,282,1,2,0,0,1,0,0,1,0,0,0,0,0,0,0,1,0,1,1,0,1
6FI4RNNH,281,1,2,0,1,0,1,0,1,0,0,0,0,0,0,0,0,1,0,0,0,0
6GBCVFJ7,243,1,2,0,0,0,1,0,0,0,0,0,0,0,0,0,0,0,0,1,1,1
6GWU8X6B,282,0,2,0,2,0,0,0,1,0,0,0,0,0,0,1,0,0,0,1,0,0
6HQWBB42,273,0,2,0,1,1,0,0,0,0,0,0,0,0,0,1,0,0,0,0,0,0
6IJ9LPQ4,253,0,1,1,1,0,0,0,0,0,0,0,0,0,1,1,0,1,0,0,0,0
6J8LGCB4,300,0,2,1,0,0,0,0,0,0,0,0,0,0,0,0,0,0,0,0,0,0
6KQ2D679,242,1,2,0,0,0,0,0,0,0,0,0,0,0,0,1,1,0,0,0,0,0
6OPLG9EL,280,0,2,0,2,0,0,0,0,0,0,0,0,0,1,0,1,0,0,0,0,0
6PKK11XC,250,1,1,1,0,0,1,0,0,0,0,0,0,1,0,1,0,1,0,0,0,0
6PR2WJZL,242,1,2,0,0,0,0,0,0,0,0,0,0,0,1,0,0,1,0,0,0,0
6QAAZSJL,245,1,2,0,0,0,0,0,1,0,1,0,0,0,0,0,0,0,1,0,1,0
6QMRY5JM,282,1,2,0,1,0,0,0,0,0,0,0,0,0,1,1,0,0,0,1,1,0
6RORSXA6,245,0,1,1,1,0,0,0,0,0,0,0,0,0,1,0,0,0,0,1,0,1
6WQRNRV8,247,1,2,0,0,0,1,0,0,0,0,0,0,0,0,0,1,0,1,0,0,0
6WR56YN5,281,1,2,0,1,0,0,1,0,0,0,0,0,1,1,0,0,0,0,1,0,0
6YM3CLO7,249,1,2,0,0,0,0,0,0,0,0,0,1,0,0,1,1,0,0,1,1,0
6YUNKXF2,243,1,2,0,0,0,0,0,0,0,0,1,0,0,0,0,1,0,1,0,0,1
71Z1LYDD,244,1,2,0,0,0,0,0,0,1,0,0,0,0,1,0,0,0,0,0,1,0
728R66C5,243,2,2,0,0,0,0,0,0,0,0,0,0,0,1,0,0,0,1,0,1,0
76F2POR9,249,1,2,0,0,0,0,1,0,0,0,0,0,0,1,0,0,1,0,0,0,0
7BG3AVY3,245,0,2,0,1,0,0,0,0,1,0,0,0,0,0,0,0,0,1,0,1,1
7C9UJRSC,242,0,2,0,0,1,0,0,0,0,0,0,0,1,0,0,0,1,0,0,1,1
7CPL4H3G,250,2,1,1,0,0,0,1,0,0,0,0,0,0,0,0,1,1,0,1,0,0
7E32IO3J,250,0,2,0,0,1,1,0,0,0,1,0,0,0,0,0,0,1,0,0,0,0
7GJ19TXF,244,0,1,1,1,0,0,0,0,0,0,0,0,0,0,0,0,1,1,0,1,0
7K5SOSUE,252,0,2,0,1,0,0,1,0,0,0,0,0,0,0,1,0,1,0,0,0,0
7KHAAHL5,345,1,3,0,0,0,0,0,0,1,0,0,0,0,0,0,0,1,1,0,1,0
7O92OEUD,243,0,1,1,1,0,0,0,0,0,0,1,0,0,0,1,0,0,0,0,0,0
7TIAENA5,244,0,2,0,1,0,0,0,0,0,0,1,1,0,0,0,1,0,0,0,0,0
7V26EU7F,333,1,3,0,0,0,0,0,0,0,0,0,0,1,0,0,0,0,0,1,0,0
81ZPGR9E,255,0,1,1,1,0,0,0,1,0,0,0,0,0,1,0,0,1,0,1,0,0
828RHPHE,268,1,1,1,0,1,0,0,0,0,0,1,0,1,0,0,0,0,0,0,1,0
82WAF8JP,277,0,1,1,2,0,0,1,0,0,0,0,0,0,0,0,0,0,1,0,0,0
8533GK71,274,1,2,0,0,1,0,0,0,0,0,0,0,0,0,1,0,0,0,1,1,0
87WTKJ72,251,1,2,0,0,0,0,0,1,0,0,0,0,0,0,1,1,0,0,0,1,1
88LBV2SI,246,0,1,1,1,0,0,0,0,0,0,0,0,0,0,1,0,0,1,0,1,0
8AZT7XUA,247,1,2,0,0,0,0,0,0,0,0,1,1,0,1,0,0,1,0,0,0,0
8BN89TGL,254,1,2,0,0,0,0,1,0,0,0,0,0,0,0,1,0,1,0,1,1,1
8C1ULVXA,245,1,2,0,0,0,1,0,0,0,0,0,0,0,1,0,0,0,0,0,0,0
8ESS1ODI,244,2,2,0,0,0,0,0,0,0,0,0,0,0,0,0,1,1,1,0,0,0
8F1SO9RM,246,1,2,0,0,0,0,0,0,0,0,0,0,0,1,0,0,1,1,0,0,0
8G657AJ3,267,1,1,1,1,0,0,0,0,1,0,0,0,0,0,0,0,0,0,0,0,0
8IJEXR3M,248,0,1,1,1,0,1,0,0,0,0,0,0,0,0,0,1,0,0,0,0,1
8K55DSC2,242,2,2,0,0,0,0,0,0,1,0,0,1,0,0,0,1,0,0,0,0,0
8MBS42A5,244,0,2,0,0,1,0,0,0,0,0,0,0,0,0,0,1,1,0,0,0,0
8NGIANMB,247,0,2,0,0,1,0,0,0,0,0,0,0,0,0,1,0,1,0,0,1,0
8OLMLUF8,247,1,1,1,0,0,0,1,1,0,0,0,1,0,0,0,0,0,0,1,0,0
8ONKQMYA,243,1,2,0,0,0,0,0,0,0,1,0,0,0,0,1,0,0,0,1,0,0
8OQ4127E,252,0,2,0,1,0,0,0,0,0,1,0,0,0,1,0,0,1,0,0,1,0
8PTPUT82,252,1,2,0,0,0,1,0,0,0,0,0,1,0,1,0,0,0,1,0,0,1
8QOV8QYA,243,1,1,1,0,0,0,1,0,0,0,0,0,0,0,1,0,0,0,0,0,0
8RB78ZN4,278,0,1,1,2,0,0,0,0,0,0,0,0,0,1,0,0,0,1,0,0,0
8SRWZJNB,252,1,2,0,0,0,1,0,0,1,0,0,0,0,0,1,0,0,0,1,0,0
8UELF2N4,249,0,2,0,0,1,0,0,0,0,0,0,0,0,0,1,1,0,0,0,1,1
8UIA48Q6,255,0,1,1,0,1,0,0,1,1,0,0,0,0,0,0,0,1,1,0,1,0
8UJ6AU9D,247,0,2,0,1,0,0,0,1,0,1,0,0,0,0,0,0,0,1,0,0,0
8UK9UONC,250,0,2,0,1,0,0,0,0,0,0,1,1,0,0,0,1,0,1,0,1,0
8VHKMCEI,245,1,2,0,0,0,0,0,0,0,0,0,0,0,1,0,0,1,0,0,1,1
91WRL7NH,253,0,1,1,0,1,0,0,0,0,1,0,0,0,0,1,0,0,1,1,1,0
92B5X4G3,273,0,1,1,2,0,0,0,0,0,0,0,0,0,0,0,0,1,0,0,1,0
92FF4AVX,284,1,1,1,1,0,0,0,0,0,0,0,0,0,1,0,1,1,0,0,1,1
92GWGT1C,298,1,2,0,0,2,0,0,0,0,0,0,0,0,0,0,0,0,0,1,0,0
935FYD5B,266,1,2,0,0,1,0,0,0,0,0,0,0,0,0,0,0,0,0,1,0,1
955RO8EF,244,1,2,0,0,0,0,0,0,0,0,0,0,0,1,1,0,0,0,0,0,0
969C6CL8,242,1,2,0,0,0,1,0,0,0,0,0,0,0,0,0,0,1,0,0,0,0
96I5WH2G,276,1,1,1,1,0,0,0,0,0,0,0,0,0,1,0,0,0,0,1,1,1
97AN9VZH,262,0,2,0,0,1,1,0,0,1,1,0,0,0,0,0,1,0,0,1,1,1
984SPNI5,272,1,2,0,0,1,0,0,0,0,0,0,0,0,1,0,0,0,0,0,1,0
99IJJAPR,288,0,2,0,0,2,0,0,0,0,0,0,1,0,1,1,0,1,0,0,0,0
9AK29LK2,253,0,2,0,1,0,1,0,0,0,0,0,0,0,0,1,0,0,0,1,1,0
9EXKY6C6,246,1,2,0,0,0,0,0,0,0,0,0,0,0,1,0,0,1,0,1,0,1
9I4H3AMJ,253,1,1,1,0,0,1,0,0,0,0,0,0,0,1,0,0,1,0,1,0,0
9IJLL1V5,246,0,2,0,0,1,0,0,0,0,0,0,0,0,0,1,0,0,0,1,1,1
9IR15LE4,270,1,2,0,0,1,0,0,0,0,0,0,0,0,0,0,0,1,0,1,0,0
9JXDYV2H,256,1,2,0,0,0,1,1,0,1,0,0,0,0,0,0,0,0,1,1,0,0
9L15V39H,253,1,2,0,0,0,0,1,0,1,0,0,0,0,0,1,0,1,0,0,0,0
9M82YCA5,247,1,1,1,0,0,0,0,0,0,0,0,1,1,0,1,0,1,0,1,0,0
9NUAT2EM,243,1,2,0,0,0,0,0,0,1,0,0,0,0,0,1,0,0,0,0,1,0
9Q2DDECG,246,0,1,1,1,0,0,0,0,0,0,0,0,0,1,0,0,0,0,1,1,0
9QI5HIN5,245,1,2,0,0,0,0,0,0,0,0,0,0,0,0,1,0,1,1,0,0,0
9T8W2FOH,242,1,1,1,0,0,0,0,0,1,0,0,0,0,1,0,0,0,0,0,0,0
9XO7DRFB,250,0,2,0,1,0,1,0,0,0,0,0,0,0,0,1,0,0,0,0,1,0
9XPR4B7A,244,0,2,0,0,1,0,0,0,0,0,0,0,0,0,1,0,0,1,0,0,0
9Y2QSP2L,259,1,2,0,0,0,0,0,1,0,1,0,0,0,1,1,0,1,0,0,0,0
9ZJSEKV5,247,1,1,1,0,0,0,0,0,1,0,0,0,0,0,0,0,1,1,1,0,1
9ZM6D817,267,3,2,0,0,1,0,0,0,0,0,0,0,0,0,0,0,0,0,1,1,0
A26RCWA6,245,2,2,0,0,0,0,1,0,0,0,0,0,0,0,0,1,0,0,0,1,1
A47BNFJ7,244,1,1,1,0,0,0,0,0,0,0,0,0,1,1,0,1,0,0,0,0,0
A97RWG8J,252,0,1,1,1,0,1,0,0,0,0,0,0,0,1,0,0,0,0,0,1,1
A9CJRUM6,256,0,1,1,1,0,1,0,0,1,1,0,0,1,0,0,0,0,1,0,0,1
A9ILC18M,305,0,3,0,0,0,0,0,0,0,0,0,0,0,0,0,0,1,0,0,0,0
AB2NOW3A,246,0,2,0,0,1,1,0,0,0,0,0,0,1,0,0,0,0,1,0,0,0
ABIAWCX5,245,1,2,0,0,0,0,0,1,0,0,0,1,0,1,0,0,0,0,0,0,0
ACB9IFEG,269,1,1,1,1,0,0,0,0,0,0,0,0,0,0,1,0,0,0,0,0,0
AFOZ7TLM,244,0,2,0,0,1,0,0,0,1,0,0,0,0,0,0,0,1,0,0,0,1
AG3TDVK2,247,1,2,0,0,0,1,0,0,0,0,0,0,0,0,0,0,0,1,1,1,1
AH38JCY4,243,1,2,0,0,0,0,1,1,0,0,0,0,1,0,0,0,0,0,0,0,0
AKGZC5BK,248,0,1,1,1,0,0,0,0,0,0,0,0,0,1,0,0,1,0,0,1,0
ALKRMXAI,242,1,1,1,0,0,0,0,0,0,0,0,0,0,0,0,1,0,1,1,0,0
ANSTPZ8L,266,1,1,1,0,1,0,0,0,0,1,0,0,0,0,0,0,0,0,0,0,0
AOUGBEAC,244,1,2,0,0,0,0,0,0,0,0,1,1,0,0,0,0,1,0,1,1,0
APGML96H,262,1,1,1,1,0,0,0,0,0,0,0,0,0,0,0,0,0,0,0,0,0
APW8XGR6,246,1,2,0,0,0,0,0,0,1,0,0,0,0,0,0,0,1,1,1,0,0
ARLINORL,250,1,1,1,0,0,0,0,0,1,1,0,1,0,0,0,1,0,1,0,0,0
AUEL1EHG,246,0,2,0,1,0,0,0,0,0,0,0,0,0,0,1,1,0,0,0,0,0
AUFC3F8J,244,0,2,0,1,0,0,0,0,0,0,0,0,0,1,0,0,0,0,0,1,1
AVBVPTG9,246,1,2,0,0,0,0,0,1,0,0,0,0,0,1,0,0,0,0,1,0,0
AVPWJJS6,248,0,1,1,1,0,0,0,0,0,0,0,1,0,0,1,0,1,0,0,0,1
AX2D8OPM,243,0,2,0,1,0,0,0,0,0,0,0,0,0,1,0,0,0,0,0,1,0
AX57GZJ1,246,1,1,0,1,2,0,0,0,0,1,0,0,0,0,1,1,0,0,0,0,1
AYPHK2WM,243,1,2,0,0,0,0,0,0,0,0,0,1,0,0,0,0,1,1,1,0,0
B28ZADMG,243,2,2,0,0,0,1,0,0,0,0,0,0,0,0,0,0,1,0,0,0,1
B424VJEG,278,1,1,1,1,0,1,0,0,0,0,0,0,0,0,0,1,0,0,0,1,0
B55TDPA9,244,1,2,0,0,0,0,0,0,0,0,0,0,0,1,0,0,0,1,1,0,0
B57O3HT9,244,1,1,1,0,0,0,0,0,0,0,0,0,0,0,0,1,0,1,1,1,0
B5FGKAA1,249,1,2,0,0,0,1,0,0,0,1,0,0,0,1,0,0,0,0,0,0,0
B83M5Z57,245,1,2,0,0,0,1,0,0,0,0,0,0,0,1,0,0,0,0,0,0,0
BAXDNZAI,246,1,2,0,0,0,0,0,0,0,0,0,0,0,1,0,0,1,1,0,0,0
BBADCGP4,242,1,2,0,0,0,0,1,0,0,0,0,0,0,0,0,1,0,0,0,0,0
BFY1NI8O,294,0,2,0,2,0,0,0,1,0,0,0,0,0,1,1,0,0,1,1,0,0
BJL6M833,244,0,1,1,0,1,0,0,0,0,0,0,1,1,1,0,0,0,0,0,0,0
BN1HQ2ZD,242,1,2,0,0,0,0,0,0,0,1,0,0,0,1,0,0,0,0,0,0,1
BNIMRAF1,279,1,1,1,1,0,0,0,0,0,0,0,0,0,1,0,0,1,0,1,0,1
BOLGT9UM,249,0,2,0,1,0,0,0,0,0,0,0,0,0,0,1,1,0,0,1,0,0
BSTDEYK2,246,1,2,0,0,0,1,0,0,0,0,0,0,0,0,0,0,1,1,0,0,0
BTC62PA6,287,1,2,0,0,1,0,1,0,0,0,0,0,0,1,0,1,0,1,0,0,0
BTFCE9Z7,243,0,2,0,1,0,0,0,0,0,0,0,0,0,0,0,1,0,1,0,0,0
BTZDZJAB,250,1,2,0,0,0,0,1,0,0,0,0,0,0,0,0,0,1,1,1,1,0
BURKEST5,270,1,2,0,1,0,0,0,0,0,0,0,0,0,1,0,0,0,0,0,0,0
BWWD9QKC,253,1,2,0,0,0,0,0,0,0,0,0,1,0,0,1,1,1,0,1,0,1
BYPVGFNB,253,1,1,1,0,0,0,0,0,0,0,0,0,0,1,1,0,1,1,0,0,0
BYUFQ8P9,253,0,1,0,4,0,0,0,0,0,0,0,0,0,1,1,1,0,0,0,0,0
BZKA7DQA,243,1,2,0,0,0,0,0,1,0,0,0,0,0,1,0,0,0,0,0,0,0
BZKGNI6I,271,1,1,1,1,0,0,0,0,0,0,0,0,0,0,1,0,0,0,0,1,0
C1RJGFJC,250,1,2,0,0,0,1,0,0,0,0,0,0,0,0,0,1,1,0,0,1,0
C24ONQTJ,269,1,2,0,0,0,0,1,0,1,0,0,0,0,1,1,0,1,1,1,0,1
C2YYSP41,246,0,2,0,0,1,0,0,0,0,0,0,0,0,0,0,1,1,0,0,1,0
C3BPXX2W,279,1,2,0,0,1,0,0,0,0,1,0,0,0,0,1,0,0,1,0,1,0
C45G4HT3,247,0,1,0,3,1,0,0,0,1,0,0,0,0,1,0,0,0,0,0,1,0
C6UPW4F7,243,2,2,0,0,0,0,0,0,0,0,0,0,0,1,0,1,0,0,0,0,0
C7VZUEH5,270,1,2,0,1,0,0,0,0,0,0,0,0,0,1,0,0,0,0,0,0,0
CAYGUM52,274,1,2,0,1,0,0,0,0,0,0,0,0,0,0,0,1,0,1,0,1,0
CG15JSEY,313,1,1,1,1,1,0,0,0,0,0,0,0,0,1,0,0,1,0,1,1,0
CG1WTOWH,254,0,2,0,1,0,0,1,0,0,0,0,0,1,0,1,1,0,0,0,0,0
CHHEUBPJ,243,0,1,1,1,0,0,1,0,0,0,0,0,0,0,0,0,0,0,1,0,0
CL9YLX1D,245,1,1,1,0,0,0,0,0,0,0,0,0,0,1,0,0,1,0,1,0,0
CP9JGWUB,244,1,2,0,0,0,0,0,0,0,0,0,0,1,0,1,0,0,1,1,0,0
CROJ5FT6,282,1,1,1,0,1,1,0,0,0,0,0,0,0,1,0,0,0,1,0,0,0
CT2P7KD7,245,2,2,0,0,0,0,0,0,0,0,0,0,0,1,0,0,0,1,1,0,1
CWLI829E,247,1,1,1,0,0,0,0,0,0,0,0,0,0,1,0,0,1,1,0,0,1
CWXWPXL4,250,1,2,0,0,0,0,0,0,0,0,0,0,0,0,1,1,1,0,1,0,0
CXWDMCT8,254,0,2,0,1,0,1,0,0,0,0,0,0,0,1,0,0,1,0,0,0,0
D3EDQIJM,242,0,2,0,1,0,1,0,0,0,0,0,0,0,0,0,0,0,0,0,0,1
D5GJHC81,245,0,1,1,1,0,0,1,0,0,0,0,0,0,0,0,0,0,1,0,0,1
D6JFNMFG,244,0,1,1,1,0,0,1,0,0,0,0,0,0,0,0,0,0,1,0,0,0
DAGO6P62,247,1,2,0,0,0,0,1,1,0,0,0,0,0,0,0,0,1,0,0,0,0
DCSRQY3L,334,1,2,1,0,0,0,0,0,0,0,0,1,0,0,0,0,0,0,1,0,0
DFO858E5,251,0,2,0,1,0,0,0,1,0,1,0,0,1,0,0,1,0,0,0,0,1
DJ4YSPAM,244,0,2,0,0,1,0,0,0,0,0,0,0,0,1,0,0,0,0,1,0,0
DJY5ABH6,246,1,2,0,0,0,0,0,0,0,0,0,0,1,1,1,0,0,0,0,0,1
DOBVVD81,244,1,2,0,0,0,0,0,0,0,0,0,0,0,0,0,1,0,1,1,1,0
DPL53FCD,245,1,1,1,0,0,0,0,0,0,1,1,1,0,0,1,0,0,0,0,0,0
DQH5KYP9,244,1,2,0,0,0,0,0,0,0,0,0,0,0,1,0,1,0,0,0,0,1
DQTEAN3V,320,0,2,1,0,0,0,0,1,0,0,0,1,0,0,0,0,1,1,1,0,0
DU5634FD,251,1,1,1,0,0,1,0,1,0,0,0,1,0,0,0,0,1,0,0,0,1
DUCU8Q1L,242,1,1,1,0,0,0,0,0,0,0,0,0,0,0,1,1,0,0,0,0,0
DVA515F9,270,1,1,1,1,0,0,0,0,0,0,0,0,0,1,0,0,0,0,0,0,0
DVZRHWRD,245,0,2,0,0,1,0,0,0,1,0,0,0,0,0,0,1,0,0,0,0,1
DWOMEZM1,248,1,1,1,0,0,0,0,0,1,0,0,0,0,1,0,1,0,0,0,0,0
DXD78GAY,337,1,2,1,0,0,0,0,0,0,0,0,0,0,1,0,0,0,0,0,0,0
E214LSF4,246,0,2,0,1,0,0,1,0,0,1,0,0,0,0,0,0,0,0,0,1,0
E2HUSQ3I,245,0,2,0,1,0,0,0,1,0,0,1,0,0,0,0,0,0,0,1,0,0
E3IONP45,242,0,2,0,1,0,0,0,0,0,0,0,1,0,0,0,0,0,1,1,0,0
E42F8919,263,1,1,1,1,0,0,0,0,0,0,0,0,0,0,0,0,0,0,0,0,1
E7LIU6Q4,243,1,2,0,0,0,0,0,1,0,0,0,0,0,1,0,0,0,0,0,0,0
E99XJO6L,244,0,2,0,0,1,0,0,0,0,0,0,0,0,0,0,1,1,0,0,0,0
EBHT1321,251,1,1,1,0,0,1,0,0,0,0,0,0,1,0,0,1,1,0,0,1,0
EGNGS6KI,244,0,2,0,1,0,0,0,0,0,0,0,0,0,0,0,0,1,1,0,1,0
EJ72IJ9B,242,1,1,1,0,0,0,0,0,0,0,0,0,0,0,1,1,0,0,0,0,0
EM25XWPH,243,1,1,1,0,0,0,0,0,0,0,0,0,0,1,0,1,0,0,0,0,0
EMYX9T2C,244,1,2,0,0,0,0,0,1,0,0,0,1,0,0,1,0,0,0,0,0,0
EQA42TKI,249,1,2,0,0,0,0,0,0,0,0,0,0,0,1,1,0,0,0,1,1,0
EUOG65O1,253,1,2,0,0,0,1,0,0,0,0,0,0,1,1,1,0,0,0,0,0,0
EZZ67C8K,254,1,2,0,0,0,0,0,0,1,0,0,0,1,0,1,1,0,1,0,1,0
F18QYSQ5,282,0,1,1,1,1,0,0,0,0,0,0,1,0,1,0,0,1,0,0,0,1
F1QZ9WLF,243,0,2,0,1,0,0,0,0,0,0,0,0,0,0,1,0,0,0,1,0,0
F23FT8YB,288,1,1,1,1,0,1,1,0,0,1,0,0,0,0,0,0,1,0,0,1,0
F5ZAWCQE,243,0,2,0,0,1,0,0,0,0,1,0,0,0,0,0,1,0,0,0,0,0
F6V57ZCH,244,1,2,0,0,0,0,0,0,0,0,0,0,0,0,1,1,0,0,0,1,0
F6XDWCBD,247,0,2,0,0,1,0,0,0,0,0,0,0,0,1,0,1,0,0,0,0,0
F8KBNI2I,262,1,2,0,1,0,0,0,0,0,0,0,0,0,0,0,0,0,0,0,0,0
F8Q7F1IZ,280,1,2,0,0,1,0,0,0,1,0,0,0,0,0,0,1,0,1,1,0,0
FH414AP6,243,0,2,0,1,0,0,0,1,0,0,0,0,0,0,0,0,0,1,0,0,0
FHRYYO35,243,0,2,0,1,0,0,0,0,0,0,0,0,0,0,0,1,0,1,0,0,0
FK9LS93F,242,1,1,1,0,0,0,0,1,0,0,0,0,0,0,1,0,0,0,0,0,0
FKAWC1DJ,243,1,2,0,0,0,0,0,0,0,1,0,0,0,1,0,0,0,0,0,1,0
FKR3RWTB,244,1,2,0,0,0,0,0,0,0,0,0,0,0,0,0,1,1,1,0,0,0
FO88OAJM,253,0,1,1,1,0,0,0,0,1,0,0,0,0,1,1,0,0,0,0,0,0
FPCTYA6B,251,1,2,0,0,0,0,0,0,1,0,0,0,0,0,1,0,0,1,1,1,1
FQFDID99,247,0,2,0,1,0,0,0,0,0,0,0,0,0,1,0,0,0,0,1,1,1
FRH96SVK,254,1,1,1,0,0,1,0,0,0,1,0,0,0,0,1,0,1,0,0,0,1
FV2CFQ4G,248,1,1,1,0,0,0,1,0,1,0,0,0,0,0,1,0,0,0,0,0,0
FWH4IZN9,243,1,1,1,0,0,0,0,0,0,0,0,0,0,1,0,1,0,0,0,0,0
FX9PL8WA,246,1,1,1,0,0,0,0,0,1,0,0,0,0,0,1,0,0,0,1,1,0
FYEBHHJ6,252,0,1,1,1,0,0,0,0,0,0,0,0,0,0,1,1,0,1,0,1,0
G1G34VEM,254,1,2,0,0,0,0,0,1,0,0,0,0,1,0,1,1,1,0,0,0,0
G3QPYA5K,245,0,2,0,0,1,0,0,0,0,0,0,0,0,0,1,0,0,0,1,1,0
G449TOMD,250,1,1,0,1,2,0,1,0,0,0,0,0,0,1,1,0,0,0,0,0,0
G75NYXMK,287,1,2,0,1,0,0,1,0,1,0,0,0,0,1,0,0,0,0,1,1,0
G8I6E6LH,246,1,2,0,0,0,0,0,1,0,0,0,0,0,1,0,0,0,0,1,0,0
G8O4QAFM,242,1,2,0,0,0,0,0,0,0,0,0,0,0,0,0,1,1,0,0,1,0
GAWKQ94M,243,1,2,0,0,0,1,0,1,0,0,0,0,0,0,0,0,0,0,0,0,0
GCMJ5W59,277,1,2,0,1,0,0,0,0,0,0,0,0,0,0,1,1,0,0,0,1,0
GCX7SIUF,303,1,2,0,1,1,0,0,0,0,0,0,0,1,0,1,0,0,0,0,0,0
GFS3PNB6,243,1,2,0,0,0,0,0,0,0,0,0,0,0,1,0,0,1,0,0,0,1
GGN9KO6L,247,0,2,0,1,0,0,0,0,0,1,0,0,0,0,1,0,0,0,0,1,1
GH8RVMLK,242,0,2,0,0,1,0,0,1,0,0,0,0,0,0,0,0,0,0,1,0,0
GI1VBS11,282,1,2,0,1,0,0,1,0,0,0,0,1,0,0,1,0,0,1,0,0,0
GJQWCRY3,250,1,1,1,0,0,0,0,0,0,1,0,0,0,1,0,1,0,0,1,0,0
GKGM78E4,269,1,2,0,1,0,0,0,0,0,0,0,0,0,0,0,1,0,0,0,0,1
GKP92IW6,242,1,2,0,0,0,0,0,0,0,0,0,0,0,1,0,0,0,1,0,0,1
GLUS7XPG,246,0,1,1,0,1,0,0,0,0,0,0,0,0,1,0,0,1,0,0,0,0
GOOUZEHL,248,1,2,0,0,0,0,0,0,0,0,0,0,1,1,1,0,0,0,1,0,0
GOY8FKXE,249,1,2,0,0,0,0,0,1,0,0,0,0,1,1,0,0,1,0,0,0,0
GQGHNNB9,242,2,2,0,0,0,0,0,0,0,0,0,1,0,0,0,1,0,0,1,1,0
GU5832JA,242,1,2,0,0,0,0,0,0,0,0,0,0,0,1,0,0,1,0,0,0,0
GUS555XF,273,1,2,0,0,1,0,0,0,0,0,0,0,0,0,0,1,1,0,0,0,0
GWFN6CPK,244,2,2,0,0,0,0,0,1,0,0,1,0,0,0,0,0,0,1,0,1,0
GZQ46T52,242,0,2,0,0,1,0,0,0,0,0,0,0,0,0,1,0,0,0,0,1,0
H1DZ4528,249,1,1,0,2,1,0,1,1,0,0,0,0,0,0,0,1,0,0,0,1,0
H1EXI24F,280,1,2,0,1,0,0,0,0,0,0,1,0,0,1,0,0,1,0,0,1,0
H5JQ83U5,255,0,2,0,1,0,0,0,0,0,0,0,0,1,1,1,1,0,0,0,0,0
H732D3AI,245,1,2,0,0,0,0,0,0,1,0,0,1,0,0,0,1,0,0,0,1,1
HBZWVHYL,245,1,2,0,0,0,1,0,0,0,0,0,0,0,0,0,0,1,0,1,0,0
HCFG3XI9,274,1,2,0,0,1,0,0,1,0,0,0,0,0,0,0,0,1,0,0,0,1
HL8U1FY8,319,1,2,0,1,1,0,0,0,0,0,0,0,0,1,1,1,0,0,1,0,0
HLD943D7,247,1,2,0,0,0,0,0,0,0,0,0,0,0,1,0,0,1,1,0,0,1
HNGP6538,271,2,2,0,1,0,0,0,1,0,0,0,0,0,0,0,0,0,0,1,0,0
HPQKD3W4,243,1,2,0,0,0,0,0,0,0,0,0,0,0,0,1,0,1,0,0,1,0
HRJCRABA,246,0,2,0,1,0,0,0,1,0,0,0,1,0,0,0,0,0,1,0,0,1
HS6M5VE3,315,0,3,0,0,0,0,0,0,0,1,0,0,1,1,0,0,0,0,0,1,0
HSSZ8TA5,304,0,2,1,0,0,0,0,0,0,0,0,0,0,0,0,0,0,1,0,0,0
HT4OWDIG,255,1,2,0,0,0,0,0,0,0,0,0,0,0,1,1,1,0,1,0,0,1
HW4J2VF8,255,0,2,0,0,1,0,0,0,1,0,0,0,0,1,0,1,0,0,0,1,1
HXI9QXQC,249,1,2,0,0,0,1,0,0,0,0,0,0,0,0,1,0,0,1,0,0,1
HYO1XCW9,250,1,2,0,0,0,0,0,0,0,0,0,0,0,0,1,1,1,0,1,0,0
I2MPDF7C,263,1,1,1,0,1,0,0,0,0,0,0,0,1,0,0,0,0,0,0,0,0
I3IKZYC7,262,2,1,1,1,0,0,0,0,0,0,0,0,0,0,0,0,0,0,0,0,0
I4AF8RNU,277,1,2,0,1,0,0,0,0,0,0,0,0,0,1,0,0,0,1,1,0,0
I5INYQUL,245,0,2,0,1,0,0,0,0,0,0,0,0,0,1,0,0,0,1,0,0,0
I793OTYI,248,2,2,0,0,0,1,0,0,0,0,0,0,0,1,0,0,0,0,1,0,0
I83B18GE,269,2,2,0,1,0,0,0,0,0,0,0,0,0,0,0,1,0,0,0,0,1
I88OQV6F,271,0,2,0,1,1,0,0,0,0,1,0,0,0,0,0,0,0,0,0,0,1
I8N1GJSK,248,1,2,0,0,0,1,0,0,0,0,0,0,0,1,0,0,0,0,0,1,1
I9ULDLLL,243,0,2,0,0,1,0,0,0,0,0,0,0,0,0,1,0,0,0,1,0,0
IB3XG2O8,245,1,2,0,0,0,0,0,0,0,0,0,0,0,1,0,0,1,0,0,1,1
ICBIKFS2,303,1,2,0,1,1,0,0,0,0,0,0,0,0,0,0,0,0,1,1,0,1
IDZXZMB4,246,1,2,0,0,0,0,0,0,0,0,0,0,0,0,1,1,0,1,0,0,0
IGP2ND92,281,0,2,0,1,1,1,1,0,0,0,0,0,0,0,0,0,0,0,0,0,0
IJJWSKM1,246,1,2,0,0,0,0,0,0,0,1,0,0,0,0,1,0,1,0,0,0,1
IR4L18ZL,341,1,2,1,0,0,0,0,0,0,0,0,0,0,0,1,0,1,0,0,0,0
IVXMKKK7,245,1,2,0,0,0,0,1,0,0,0,0,0,0,0,0,1,0,0,1,0,0
IW5HA2FM,244,1,2,0,0,0,0,1,0,0,0,0,1,1,0,0,0,1,0,0,0,0
IW5UQ4R9,244,1,1,1,0,0,0,0,0,0,1,0,0,0,1,0,0,0,0,1,0,0
IWOP3Z43,251,1,2,0,0,0,1,0,0,0,1,0,0,0,1,0,0,0,0,0,1,0
J5E7S3TH,244,1,2,0,0,0,0,1,0,0,0,0,0,0,1,0,0,0,0,0,0,0
J5MV94K1,244,0,2,0,1,0,0,0,0,0,0,1,0,0,1,0,0,0,0,0,0,0
J6EQMSZM,288,1,1,1,1,0,1,0,0,0,0,0,0,0,0,1,1,1,0,0,0,0
J6F4AUP4,264,1,1,1,1,0,0,0,0,0,0,0,0,0,0,0,0,0,0,0,1,0
J6YEAXF5,247,0,2,0,0,1,0,0,0,0,0,0,0,0,1,0,1,0,0,0,0,0
J7SQGW48,253,0,1,1,1,0,0,1,0,0,0,0,0,0,1,0,0,0,0,1,1,0
J8B9V2BF,245,0,1,1,1,0,0,0,0,0,0,0,0,0,1,0,0,0,1,0,0,0
J9HWB5IP,285,1,2,0,0,1,0,0,0,0,0,0,0,0,1,0,1,1,1,0,0,0
J9LRWCR1,277,1,2,0,1,0,0,0,0,0,0,0,0,0,1,1,0,0,0,0,0,0
JAT1YSZF,250,0,2,0,1,0,0,0,0,0,0,0,0,0,1,0,1,0,0,1,0,0
JAYWKHMH,262,1,2,0,1,0,0,0,0,0,0,0,0,0,0,0,0,0,0,0,0,0
JDXACEXE,244,1,2,0,0,0,0,0,0,0,0,0,0,0,1,1,0,0,0,0,0,0
JE446IF9,248,0,2,0,1,0,1,0,0,0,0,0,0,0,0,0,1,0,0,0,0,1
JIT6Y1G8,247,1,1,1,0,0,0,0,0,0,0,0,0,0,0,1,1,1,0,0,0,0
JJ8ALWFF,250,1,1,0,3,0,0,0,0,0,0,0,0,0,1,1,0,1,0,0,1,0
JK4QSTK3,251,2,2,0,0,0,0,0,1,0,0,0,0,0,0,1,0,0,1,1,1,0
JKU3O662,245,1,1,1,0,0,0,0,0,0,0,0,0,0,0,1,1,0,0,1,0,0
JP4IHD86,243,1,1,1,0,0,0,0,0,0,0,0,0,0,1,0,1,0,0,0,0,0
JPL1BCH8,243,0,1,0,2,2,0,0,0,0,0,0,0,1,0,1,0,0,0,1,0,0
JQ51XXB7,242,1,1,0,3,0,0,0,0,0,0,0,0,0,1,0,1,0,0,0,0,0
JQCGLRM2,250,1,2,0,0,0,0,0,1,0,0,1,0,0,1,0,0,0,1,0,0,0
JQDS94CD,272,1,2,0,1,0,0,0,0,0,0,0,0,0,1,0,0,0,0,0,1,0
JREPM5MW,281,0,2,0,1,1,0,0,0,0,0,0,0,0,0,1,1,0,0,0,1,0
JTMDXDNP,279,2,2,0,1,0,0,0,0,0,0,0,0,0,0,1,0,1,0,1,1,0
JUFQ94FF,246,1,2,0,0,0,1,0,0,0,1,0,0,0,0,0,0,1,0,0,0,0
JWT6VO97,252,0,2,0,1,0,0,0,0,0,0,0,0,0,0,1,0,1,1,1,0,0
JWTVK7W8,250,0,2,0,1,0,0,0,0,0,0,0,0,0,1,0,1,0,0,1,0,0
JX28Y6H3,269,1,2,0,1,0,0,0,1,0,0,0,0,0,0,0,0,0,0,0,0,1
JYBSXCII,247,0,2,0,0,1,1,0,0,0,0,0,0,0,0,0,0,0,1,0,1,0
JZYQ4CAA,247,1,2,0,0,0,0,1,0,1,0,0,0,0,0,0,0,0,1,0,1,0
K6WZGLC4,253,0,1,1,1,0,0,1,0,1,0,0,0,0,0,1,0,0,0,0,0,1
KE5363DJ,255,1,2,0,0,0,1,0,0,0,1,0,0,0,0,1,1,0,0,0,0,1
KN9NFXS9,270,1,2,0,0,1,0,0,0,0,0,0,0,1,0,1,0,0,0,0,0,0
KNXM4A4K,251,1,1,1,0,0,0,1,0,0,0,0,0,0,1,1,0,0,0,0,0,0
KPKJ7V4B,244,2,2,0,0,0,0,0,0,0,0,0,0,0,1,1,0,0,0,0,0,0
KTCVG9MN,278,1,2,0,0,1,0,1,1,0,0,0,0,0,0,0,0,0,0,0,1,1
KTJK96CG,243,1,2,0,0,0,0,0,1,0,0,0,0,0,0,0,1,0,0,0,1,0
KU2J3FGK,244,0,2,0,1,0,0,0,0,0,0,0,0,0,0,0,0,1,1,0,1,0
KVPMIHPH,254,0,2,0,1,0,0,0,0,0,0,0,0,0,1,1,0,0,0,1,1,1
L1HRMSH7,286,1,1,1,1,0,1,0,0,0,0,0,0,1,1,0,0,0,1,0,1,1
L2GOF1AF,245,1,2,0,0,0,0,0,1,0,0,0,0,0,0,0,1,0,1,0,0,0
L3YJN4X6,269,0,1,1,2,0,0,0,0,0,0,0,0,0,0,0,0,0,0,0,1,1
L6MQKYSM,244,1,2,0,0,0,0,0,0,0,0,0,1,0,1,0,0,0,0,1,1,0
L8ZWZGEB,245,0,2,0,0,1,0,0,0,0,0,0,0,1,0,0,1,1,0,0,0,0
LC4F7AGE,243,1,2,0,0,0,0,0,0,0,0,0,0,0,1,0,0,0,1,0,1,0
LCBBUYJK,255,1,2,0,0,0,1,0,0,0,0,0,0,0,1,0,1,0,1,0,0,0
LCHREEGG,242,1,1,0,1,2,1,0,0,0,1,0,0,1,0,0,0,0,0,0,0,1
LCJ52SK5,245,0,2,0,1,0,0,0,0,0,0,0,0,0,0,0,1,0,0,1,1,1
LGDX1CGK,274,1,1,1,1,0,0,0,0,0,0,0,1,0,0,1,0,0,0,1,0,0
LIRIQR55,285,1,2,0,1,0,0,0,0,0,0,0,0,0,1,1,0,1,0,0,1,1
LISPNS7L,252,1,1,1,0,0,0,0,0,0,0,0,0,0,1,1,1,0,0,0,1,0
LLHNRU6C,246,1,2,0,0,0,0,1,0,0,0,0,0,0,0,0,0,1,1,0,0,1
LLZ1GGEB,247,1,2,0,0,0,1,0,0,0,0,0,0,0,0,0,0,1,1,0,0,1
LMLYU3R3,250,0,2,0,1,0,0,0,0,0,1,0,0,0,0,1,1,0,0,0,0,0
LNF7QOPJ,272,2,2,0,1,0,0,0,0,0,0,0,1,0,1,0,0,0,0,0,0,0
LPIL18P7,251,1,2,0,0,0,0,1,0,1,0,0,0,0,1,0,0,0,0,0,1,0
LPIL84IH,244,1,2,0,0,0,0,0,0,0,0,0,0,0,1,0,0,0,1,1,0,0
LPWEHG53,263,1,2,0,1,0,0,0,0,0,0,0,0,0,0,0,0,0,0,0,0,1
LQYO1G35,244,1,1,1,0,0,0,0,0,1,0,0,0,0,0,0,1,0,1,0,0,0
LRVK8TJ1,243,0,2,0,1,0,0,0,0,0,0,0,0,0,0,1,0,0,0,1,0,0
LRX9QLEL,248,0,2,0,1,0,1,0,0,0,0,0,0,0,0,1,0,0,0,0,0,0
LVY9UBSH,244,1,2,0,0,0,0,0,0,0,0,0,1,0,0,1,1,0,0,0,0,0
LWWRZXY5,253,1,2,0,0,0,1,0,0,1,0,0,0,0,0,0,1,1,0,0,0,0
LY4EGIUT,281,1,1,1,0,1,1,0,0,0,0,0,0,1,0,0,1,0,1,0,0,0
LYJZ4D65,247,0,2,0,0,1,0,0,0,0,0,1,0,0,0,1,0,0,1,0,0,0
M2KTQIJJ,248,1,1,1,0,0,0,0,0,0,0,0,0,0,1,1,0,0,1,0,0,0
M2WERYMI,246,2,2,0,0,0,0,0,0,0,0,0,1,0,1,0,1,0,0,0,0,1
M3LAD3NF,258,1,2,0,0,0,0,0,0,0,0,0,0,0,1,1,1,1,0,1,0,0
M5JZ8V35,283,0,2,0,2,0,1,0,0,0,0,0,0,0,0,0,1,0,0,1,0,0
M9RIT6S5,274,1,2,0,0,1,0,1,0,0,0,0,0,0,0,0,0,0,0,1,1,0
MA9HKJCH,242,2,2,0,0,0,0,0,0,0,1,0,0,0,0,0,0,1,0,1,0,1
MB3R6E5M,246,1,2,0,0,0,0,0,0,0,0,0,0,0,0,1,0,1,0,1,1,0
MC7E8Y57,247,1,2,0,0,0,0,1,0,0,0,0,0,0,1,0,0,0,0,1,0,0
MKSU8CHL,242,0,2,0,1,0,0,0,0,0,0,0,1,0,0,1,0,0,0,0,0,0
MLERNVDE,243,0,2,0,0,1,0,0,0,0,0,0,0,0,0,0,1,0,1,0,0,0
MOGN2VWI,243,0,1,1,1,0,0,0,0,0,0,0,0,0,0,0,1,0,1,0,0,0
MOWSVK24,279,2,2,0,0,1,0,0,0,1,1,0,0,0,0,0,0,1,0,1,0,0
MRW5ZZX2,245,0,2,0,1,0,0,0,0,1,0,0,0,0,0,1,0,0,0,0,0,0
MSLCYDIK,243,1,2,0,0,0,0,0,0,1,0,0,1,0,0,0,0,0,1,0,1,1
MTVGU2H1,244,0,2,0,1,0,0,0,0,0,0,0,0,0,1,0,0,0,0,1,0,0
MUHCKVNL,253,1,2,0,0,0,0,1,0,0,0,1,0,0,1,0,1,0,0,0,0,0
MWCFAKBT,280,1,2,0,1,0,0,0,0,0,0,0,0,0,1,1,0,0,0,1,0,0
MWVTIU39,246,1,2,0,0,0,0,0,0,1,0,0,0,0,0,1,0,1,0,0,0,0
MXA6TUH8,269,1,2,0,1,0,0,0,0,0,0,0,0,0,0,1,0,0,0,0,0,0
MZ81W2P2,250,1,2,0,0,0,1,0,0,0,0,0,0,1,0,1,0,0,0,1,1,0
MZFO3TU9,255,0,1,1,0,1,0,1,0,0,0,0,0,0,0,1,0,1,0,1,0,0
MZSE256F,250,1,1,1,0,0,0,0,1,0,0,0,0,0,1,1,0,0,0,0,0,0
N5HX3WI3,250,1,2,0,0,0,1,0,0,0,0,0,1,0,1,0,0,0,0,1,0,0
N65L8LC4,242,2,1,0,3,0,0,1,0,0,0,0,0,0,0,1,0,0,0,0,0,0
N6FSG57F,251,0,2,0,1,0,0,0,0,0,0,0,0,0,1,1,0,0,0,1,0,0
N6QB261L,270,1,1,1,1,0,0,0,0,0,0,0,0,0,0,0,1,0,0,0,1,0
N7TX62I7,244,1,2,0,0,0,1,0,0,0,0,0,1,0,0,0,0,1,0,0,0,0
NCXCGGWK,277,1,2,0,1,0,0,0,0,1,0,0,0,0,0,0,0,1,0,1,1,0
NDH7L5W4,244,0,2,0,1,0,0,0,0,0,0,0,0,0,0,0,1,1,0,0,0,0
NH31GMX7,243,1,2,0,0,0,0,0,1,0,0,0,0,0,1,0,0,0,0,0,0,0
NIHBGDKF,245,1,2,0,0,0,0,1,0,0,0,0,0,0,0,0,0,1,1,0,0,0
NKHT8TVD,244,1,1,1,0,0,0,0,0,0,0,0,0,0,0,1,0,1,0,1,0,0
NMQY3H2B,253,0,1,1,1,0,0,1,0,0,0,0,0,0,0,1,0,0,1,0,1,0
NO49NVTE,251,0,2,0,1,0,0,0,0,1,0,0,0,0,1,0,0,1,0,0,0,0
NOOF2RVZ,278,1,1,1,0,1,0,0,0,0,0,0,0,0,0,1,0,1,1,0,0,0
NPBHOITQ,280,1,2,0,0,1,1,0,0,0,0,0,0,0,1,0,0,0,0,0,1,0
NPZ6FZ39,246,1,2,0,0,0,1,0,0,1,0,0,0,1,0,0,0,0,0,1,0,0
NXXWTUSD,248,0,1,1,1,0,0,0,0,0,0,0,0,0,1,0,0,1,0,0,1,0
NZD94EK9,279,1,2,0,0,1,0,0,0,0,0,0,0,0,0,1,1,0,1,0,0,0
NZIFXSUL,246,0,1,1,1,0,0,0,0,0,0,0,0,1,0,1,0,1,0,0,0,0
O1OGKBH8,302,1,2,0,2,0,0,0,0,0,0,0,0,0,0,1,0,0,0,0,0,0
O1WSCUEF,253,1,2,0,0,0,0,1,0,0,0,0,0,0,1,0,0,1,0,1,0,1
O23G8NI9,270,1,1,1,1,0,0,0,0,0,0,0,0,0,1,0,0,0,0,0,0,0
O59CGSZ3,266,1,2,0,1,0,0,0,0,0,0,0,0,0,0,0,0,0,1,0,0,0
O8H289CV,295,1,2,0,2,0,0,0,0,0,0,0,0,0,0,0,0,0,0,0,0,0
O95AHZB7,244,1,1,0,1,2,0,1,0,0,0,0,0,0,1,0,0,0,0,0,0,1
OCDZ5Z3J,253,0,1,1,1,0,0,0,0,1,0,0,0,0,1,1,0,0,0,0,0,0
OCFZRJ9I,248,1,2,0,0,0,0,1,0,0,0,0,0,0,0,1,0,1,0,0,0,0
OD8CLJ82,270,0,1,1,2,0,0,0,0,0,0,0,0,0,0,0,0,0,1,0,0,0
ODRHS1XS,299,1,1,1,1,0,1,1,1,0,0,0,0,1,1,1,0,0,0,0,0,0
OGF3A7KI,243,0,2,0,0,1,0,0,0,0,1,0,0,0,0,0,1,0,0,0,0,0
OHMV9KR9,280,0,2,0,1,1,0,0,0,0,0,0,0,1,1,0,0,1,0,0,0,0
OHVZA1J6,244,0,2,0,1,0,0,0,0,0,0,0,0,0,0,0,0,1,1,0,1,0
OHZ4AYNI,251,2,2,0,0,0,0,0,0,0,0,0,0,0,1,0,1,1,0,1,0,0
OIZ199O7,274,0,1,1,2,0,0,0,0,0,0,0,0,0,1,0,0,0,0,0,0,0
OP5MNN1J,244,0,1,1,1,0,0,0,0,0,0,1,0,0,1,0,0,0,0,0,0,0
OQD59V9I,308,0,2,1,0,0,0,0,0,0,0,0,0,0,1,0,0,0,0,0,0,0
OQZKWAOB,256,0,2,0,1,0,1,0,0,0,0,0,0,0,1,0,1,0,0,0,0,1
OSIUIYCH,273,1,1,1,1,0,0,0,0,0,0,1,0,0,0,0,0,1,0,1,0,0
OSUKBCOL,251,0,2,0,0,1,0,0,0,0,0,1,0,0,0,1,0,0,1,1,0,1
OTWM4RPA,248,0,2,0,1,0,0,0,0,0,0,0,0,0,0,0,1,1,1,0,0,0
OTYR9IUD,249,0,2,0,0,1,0,0,1,0,0,0,0,0,0,1,0,0,0,0,1,1
OXMZ3QC7,245,1,2,0,0,0,0,0,0,0,0,0,0,1,1,0,0,0,1,1,0,0
OYT2SFFD,303,1,2,0,1,1,0,0,0,0,0,0,0,0,0,1,0,0,0,0,0,1
OZDW1NAE,248,2,2,0,0,0,1,0,0,0,0,0,0,1,0,1,0,0,0,1,0,0
P3LVT3I3,245,1,2,0,0,0,1,0,0,0,0,0,0,1,0,1,0,0,0,0,0,0
P4KR4MS8,244,1,2,0,0,0,0,1,0,0,0,0,0,0,0,0,1,0,0,0,1,0
PBEVEKZE,244,1,2,0,0,0,0,0,1,0,0,0,0,0,0,0,1,0,0,0,1,1
PC1ZYNCF,251,0,2,0,1,0,0,1,0,0,0,0,0,0,0,0,1,1,0,0,0,0
PEQ3WKGC,244,0,2,0,1,0,0,0,0,0,0,0,0,0,0,0,1,1,0,0,0,0
PETA35CI,245,0,2,0,1,0,0,0,0,0,0,0,0,0,0,0,1,0,1,0,1,0
PFCFZI92,243,1,2,0,0,0,0,1,0,0,0,0,0,0,0,0,0,0,1,1,0,0
PIFIUJJK,244,0,2,0,1,0,0,0,0,0,0,0,0,0,0,0,1,1,0,0,0,0
PIU6FMKE,303,1,1,1,1,1,0,0,0,0,0,0,0,1,0,1,0,0,0,0,0,0
PNDKWIVJ,250,1,1,1,0,0,0,0,0,0,1,0,0,0,1,1,0,0,0,0,1,0
POOMNS7G,242,0,2,0,1,0,0,0,0,0,0,0,0,0,0,0,0,1,0,1,0,1
PRKH5ZE6,248,0,2,0,0,1,0,0,0,0,0,1,0,0,0,1,0,0,1,0,0,1
PS7Z9P52,243,0,2,0,1,0,0,0,0,0,0,0,0,0,0,1,0,0,0,0,1,1
PSZMZWH3,247,0,2,0,1,0,0,0,0,0,0,1,0,0,0,0,1,0,0,1,1,0
PTOH2H8A,242,1,2,0,0,0,0,1,0,0,0,0,0,0,0,0,1,0,0,0,0,0
PTYL21RI,243,0,2,0,1,0,0,0,0,0,0,0,1,1,0,1,0,0,0,0,0,0
PVSQM86I,242,0,2,0,0,1,0,0,0,1,0,0,0,0,0,0,0,0,1,0,0,0
PWBP9S1J,271,1,2,0,0,1,0,0,0,0,0,0,1,0,0,1,0,0,0,0,0,0
PWEEK28I,267,1,2,0,1,0,0,0,0,0,0,0,0,0,0,0,0,1,0,0,0,0
PXQWO88D,248,0,2,0,1,0,1,0,0,0,0,0,0,0,0,1,0,0,0,0,0,0
PZOXBJ1M,262,1,2,0,1,0,0,0,0,0,0,0,0,0,0,0,0,0,0,0,0,0
Q2W3UE4D,242,0,1,1,1,0,0,0,0,0,0,0,1,0,0,0,0,0,1,1,0,0
Q397EZ9J,242,2,2,0,0,0,0,0,1,0,0,0,1,0,0,0,0,1,0,0,0,0
Q4ZYQSHJ,246,1,2,0,0,0,0,0,1,0,0,0,0,0,0,0,1,0,0,1,1,0
Q5TULVBW,286,1,2,0,1,0,0,0,1,0,1,0,0,0,0,0,1,0,1,1,0,1
Q6TI6BZW,318,1,1,1,2,0,1,1,0,0,1,0,0,0,0,0,0,0,0,1,0,1
Q7PYYBO9,258,0,2,0,0,1,0,0,0,0,0,1,0,1,1,1,1,0,0,0,0,0
QA6OETXB,242,0,1,1,1,0,0,1,0,0,0,0,1,0,0,0,0,0,0,0,0,0
QEP88LI6,250,0,2,0,1,0,0,0,0,0,0,0,0,0,0,1,1,0,1,0,0,0
QF1U49O2,247,0,1,1,1,0,0,0,1,0,0,0,0,0,0,1,0,0,0,0,0,1
QKULML61,242,1,2,0,0,0,0,0,0,0,0,0,0,0,0,1,0,1,0,0,0,1
QLIZIWGD,262,1,1,1,1,0,0,0,0,0,0,0,0,0,0,0,0,0,0,0,0,0
QLPMFQN6,245,1,2,0,0,0,1,0,0,1,0,0,0,0,0,0,0,0,0,1,0,0
QN81YCV6,255,1,2,0,0,0,0,0,0,1,0,1,0,0,1,0,1,0,1,0,0,0
QOI2DAZL,244,0,2,0,0,1,0,0,0,0,0,0,0,0,0,0,1,0,0,1,1,0
QOSEBTK1,248,1,2,0,0,0,0,1,0,0,0,1,0,1,0,1,0,0,0,0,0,1
QR3D7ZA1,301,0,2,1,0,0,0,0,0,0,0,0,0,0,0,0,0,0,0,0,0,1
QRAPAA1B,244,1,2,0,0,0,0,0,0,0,0,1,0,0,0,1,0,0,1,0,0,1
QS5ZUJ2A,276,0,2,0,2,0,0,0,0,0,0,0,0,0,0,0,0,1,0,1,1,0
QYK7O1DM,249,0,2,0,0,1,0,0,0,0,0,0,0,0,1,0,0,1,0,1,0,0
QYM9LGGM,263,2,1,1,1,0,0,0,0,0,0,0,0,0,0,0,0,0,0,0,0,1
QYXJR1N9,277,1,2,0,1,0,0,0,0,1,0,0,0,0,1,0,0,0,0,0,1,0
R1UP3C33,243,2,1,1,0,0,0,0,0,0,0,0,1,0,1,0,0,0,1,0,0,0
R5MF3TML,248,0,1,1,0,1,0,0,0,0,0,0,0,0,0,1,1,0,0,0,1,0
R6566YI4,275,1,2,0,1,0,1,0,0,0,0,0,0,1,0,0,0,0,1,0,0,0
R87DJAKJ,242,2,1,0,2,1,1,0,0,0,0,0,0,0,0,0,0,1,0,0,0,1
R8VVVXF2,246,1,2,0,0,0,0,0,0,0,1,0,0,0,0,1,1,0,0,0,0,0
RCEB9NEL,242,0,1,1,0,1,0,0,1,0,0,0,0,0,0,0,0,0,0,1,0,0
RD67AVCF,242,0,2,0,0,1,0,0,0,0,1,0,0,0,0,0,0,1,0,0,0,0
RDGXWLOJ,244,0,2,0,0,1,0,0,0,0,0,0,0,0,0,0,1,0,0,1,1,0
RFWP3RR4,305,0,3,0,0,0,0,0,0,1,0,0,0,0,0,0,0,0,0,0,0,0
RG671JVI,255,0,1,1,0,1,0,1,0,0,1,0,0,0,0,1,0,0,1,0,0,0
RGCXNJP9,244,1,2,0,0,0,0,0,0,0,1,0,0,0,0,1,0,0,0,1,0,1
RGQ2X16H,272,1,2,0,1,0,0,0,0,0,0,0,0,0,0,1,0,0,0,1,0,0
RJD1DRVG,275,1,2,0,1,0,0,0,0,0,0,0,0,0,0,1,0,1,0,0,0,1
RLZ4L184,243,2,2,0,0,0,0,0,1,0,0,0,1,0,0,0,0,0,1,0,1,0
RNABK216,249,1,2,0,0,0,0,0,1,0,0,0,0,1,1,0,0,1,0,0,0,0
RQ18NZ7U,380,1,2,1,0,1,0,0,0,0,0,0,0,0,1,0,1,0,1,0,0,0
RQK7QJU2,244,0,2,0,1,0,0,0,0,0,0,0,0,0,0,0,1,1,0,0,0,0
RRB7O7VB,268,2,2,0,1,0,0,0,1,0,0,0,0,0,0,0,0,0,0,0,0,0
RU4I3P5B,245,0,1,1,0,1,0,0,0,0,0,0,0,0,0,1,0,0,1,0,0,1
RUL2TEJ5,253,0,1,1,1,0,0,1,0,0,0,0,0,0,0,1,0,0,1,0,1,0
RVV2HDO2,246,1,1,0,1,2,0,0,0,0,0,0,0,0,0,1,1,0,1,0,0,1
S9VTZLGK,246,1,1,1,0,0,0,0,0,0,0,0,0,0,1,1,0,0,0,0,1,0
SALSIJ7J,246,0,2,0,1,0,0,0,0,0,0,0,0,0,1,0,0,1,0,0,0,0
SD2NOFMF,285,2,1,1,0,1,0,0,1,0,0,0,0,0,1,0,1,0,0,0,1,1
SLEHWJJM,269,1,2,0,1,0,0,0,0,0,0,0,0,0,0,1,0,0,0,0,0,0
SMG2PFJ1,310,1,2,0,1,1,0,0,0,0,0,0,0,0,1,1,0,0,0,0,0,0
SMG4A1RM,263,1,2,0,1,0,0,0,0,0,0,0,0,0,0,0,0,0,0,0,0,1
SMHFSA9A,248,0,2,0,1,0,0,0,1,0,0,0,0,0,0,0,0,1,1,0,0,0
SMOMKUO5,264,1,2,0,1,0,0,0,0,0,0,0,0,0,0,0,0,0,0,0,1,0
SOBUA3HG,267,1,1,1,0,1,0,0,0,0,0,0,0,0,0,0,0,1,0,0,0,0
STUOJME4,339,1,3,0,0,0,0,1,0,0,0,0,0,0,0,0,0,0,0,1,0,0
SU74GK9A,274,0,2,0,1,1,0,0,0,0,0,0,0,0,0,1,0,0,0,0,0,1
SVUK4B8H,268,1,2,0,1,0,0,0,0,0,0,0,0,0,0,0,1,0,0,0,0,0
SVYIPLCE,243,0,2,0,1,0,0,0,1,0,0,0,1,0,0,0,0,0,0,0,1,0
SX61Q49M,243,3,2,0,0,0,0,0,0,0,0,0,0,0,1,0,1,0,0,0,0,0
SYPJ77P7,255,1,2,0,0,0,1,0,0,1,0,0,0,0,0,1,1,0,0,0,0,0
T1U9BLXK,243,0,2,0,1,0,0,0,0,0,0,0,1,0,1,0,0,0,0,0,0,0
T2FA7IK4,245,1,2,0,0,0,0,0,0,0,0,0,0,0,0,0,1,1,1,0,0,1
T31AYC96,248,0,1,1,1,0,0,0,0,0,0,0,0,0,0,0,0,1,1,1,1,1
T3KY39Z4,276,1,2,0,0,1,0,1,0,0,0,0,0,0,0,1,0,0,0,0,0,0
T48PA3E3,274,0,2,0,1,1,0,0,0,0,0,0,0,0,1,0,0,0,0,0,0,0
T4U2AYYG,248,1,1,1,0,0,0,0,0,0,1,0,0,0,1,0,0,0,1,1,0,0
T9WS6TAJ,259,1,2,0,0,0,0,0,1,1,0,0,0,0,1,1,0,0,1,0,0,0
T9ZU5JMB,245,1,2,0,0,0,0,0,0,0,0,1,0,0,1,0,0,1,0,0,0,0
TA6JORSL,242,1,2,0,0,0,0,0,1,0,0,0,0,0,0,0,1,0,0,0,0,1
TAE138ZI,274,1,2,0,0,1,0,0,0,0,0,0,0,0,0,1,0,1,0,0,0,0
TAJTIJEM,279,1,2,0,0,1,0,0,0,1,0,0,0,0,1,0,0,0,1,0,0,0
TC4E7XT5,250,0,2,0,1,0,0,1,0,0,0,0,0,0,0,0,0,1,1,0,0,1
TCSFO4UH,242,2,1,1,0,0,0,0,0,0,0,0,0,1,0,1,0,1,0,0,0,0
TD2OC8DL,251,0,2,0,1,0,0,0,0,0,1,0,0,0,0,0,0,1,1,1,1,0
TEIRURLA,245,1,1,1,0,0,0,0,0,0,0,1,0,0,0,1,1,0,0,0,0,0
TFPJVQT2,248,1,1,1,0,0,0,0,0,0,0,0,0,0,0,1,1,1,0,0,0,1
TH65O38M,247,0,1,1,1,0,0,0,0,1,0,0,0,0,0,0,0,1,1,0,0,0
TIY1L979,255,0,2,0,1,0,0,0,0,0,0,0,0,0,1,1,1,0,0,0,0,1
TJLD5CA8,261,0,2,0,0,1,1,0,0,0,0,0,0,0,1,1,0,1,0,0,0,0
TJLDMI44,273,0,2,0,1,1,0,0,0,0,0,0,0,1,0,0,1,0,0,0,0,0
TK4ONFN6,244,1,2,0,0,0,0,1,0,0,0,0,0,0,0,1,0,0,0,0,0,1
TK9FA8RP,310,0,3,0,0,0,0,0,0,0,0,0,0,0,0,0,1,0,1,0,0,0
TKWAJ8BA,280,0,1,1,1,1,1,0,0,0,0,0,0,0,0,0,1,0,0,0,0,0
TLZVXVZK,245,0,1,1,1,0,0,0,0,0,0,0,0,0,1,0,0,0,0,1,0,1
TML38QW3,247,1,2,0,0,0,0,0,0,0,0,0,0,1,1,0,1,0,0,1,0,0
TPDR3B24,249,0,1,1,1,0,0,0,0,0,0,1,0,0,0,1,1,0,0,0,0,0
TUJ1HW6B,249,2,2,0,0,0,0,0,0,0,1,0,0,0,1,0,0,1,0,1,0,0
TVSM6B1L,245,1,2,0,0,0,0,0,0,0,0,0,0,0,1,1,0,0,0,0,0,1
TW9WICKC,265,1,2,0,1,0,0,0,0,0,0,0,0,0,0,0,0,0,0,1,0,0
U4E41CDM,248,1,2,0,0,0,0,0,0,0,1,0,0,0,0,0,1,1,0,1,0,1
U4MZ8N1E,248,1,2,0,0,0,1,0,0,0,0,0,0,0,0,0,1,1,0,0,0,0
U55956AJ,252,0,2,0,0,1,0,0,0,0,0,0,0,0,1,0,0,1,0,1,1,1
U655L697,310,0,2,1,0,0,0,0,0,0,0,0,1,0,0,0,0,1,0,1,0,0
UCNM8R65,249,0,1,1,1,0,0,0,0,0,0,0,0,0,1,1,0,0,0,0,0,1
UDE3OC56,243,2,2,0,0,0,0,0,1,0,0,0,0,0,1,0,0,0,0,0,0,0
UEFTND81,248,1,2,0,0,0,0,0,0,1,0,0,0,0,0,1,1,0,0,0,0,1
UF64EV5B,246,1,2,0,0,0,0,0,0,0,0,0,0,0,0,0,1,1,0,1,1,1
UFZRM62C,243,2,1,1,0,0,0,0,0,0,0,0,0,0,0,0,0,1,1,1,1,0
UH98UCN5,244,0,2,0,1,0,0,0,0,0,0,0,0,0,0,1,0,0,1,0,0,0
UIPYCIRI,245,2,2,0,0,0,0,0,0,0,0,0,0,0,0,1,0,0,1,1,1,0
ULUJD1DI,242,1,1,0,3,0,0,0,1,0,0,0,0,0,0,0,0,1,0,0,1,1
UMDAV2M5,247,1,1,1,0,0,0,0,0,0,0,0,0,0,1,0,1,0,1,0,0,0
UMIE8WC4,247,1,1,1,0,0,0,0,0,0,0,0,0,0,0,1,1,1,0,0,0,0
UMYJHP9J,297,1,2,0,1,1,0,0,0,0,0,0,0,0,0,0,0,0,0,0,1,0
UN1U8JEZ,313,0,2,1,0,0,0,0,0,0,0,0,0,0,0,1,1,0,0,0,0,0
UQJOXBEC,243,0,2,0,0,1,0,0,0,0,0,0,0,0,0,1,0,0,0,0,1,1
UV2CHS24,265,1,2,0,0,1,0,0,0,0,0,0,0,0,0,0,0,0,0,1,0,0
UV9H9WD5,242,0,1,1,0,1,0,0,1,0,0,0,0,0,0,0,0,0,0,1,0,0
UZ34C8MA,251,1,1,1,0,0,1,0,0,0,0,0,0,0,1,0,0,0,1,0,1,0
V19826MH,242,1,2,0,0,0,0,0,0,1,0,0,0,0,1,0,0,0,0,0,0,0
V1QNK79H,247,1,1,0,1,2,1,0,1,0,0,0,1,0,0,0,0,0,0,1,0,0
V2Q3QOB2,242,1,2,0,0,0,0,0,0,1,0,0,0,0,1,0,0,0,0,0,0,0
V3JJ6YAI,242,0,2,0,1,0,0,0,0,1,0,0,0,0,0,0,0,0,1,0,0,0
V5W6CO61,270,1,2,0,1,0,0,0,0,0,1,0,0,0,0,0,0,0,1,0,0,0
V7CG7GVE,244,1,2,0,0,0,0,0,0,0,0,0,0,0,1,0,1,0,0,0,0,1
V8691324,251,1,2,0,0,0,0,0,0,1,0,0,0,0,1,0,0,1,1,0,0,0
V9D6W8EL,245,0,2,0,0,1,0,0,0,0,0,0,0,0,0,0,1,1,0,0,0,1
VARQXEME,242,2,2,0,0,0,0,0,1,0,0,0,1,0,0,0,0,1,0,0,0,0
VC5Z5A11,242,3,2,0,0,0,0,0,0,0,0,0,1,0,0,1,0,0,1,0,0,0
VCY915N7,248,0,2,0,0,1,0,0,0,0,0,0,0,0,0,1,0,1,0,1,0,0
VEYBL76L,270,1,2,0,0,1,1,0,0,0,0,0,0,0,0,0,0,0,0,0,0,0
VI4R5XR5,248,0,2,0,0,1,0,0,0,0,0,0,0,0,0,1,1,0,0,0,1,0
VJWHYH7L,272,1,2,0,1,0,0,0,0,0,0,0,0,0,1,0,0,0,0,0,1,0
VKMBKCM6,307,0,2,1,0,0,0,0,0,0,0,0,0,0,0,1,0,0,0,0,0,0
VKP6QNC6,249,0,2,0,1,0,0,0,0,1,0,0,0,0,0,1,0,0,1,0,0,0
VLEUFT8B,248,0,2,0,1,0,0,0,0,0,0,0,0,0,1,1,0,0,0,0,0,0
VPIOLGSF,245,1,2,0,0,0,1,0,0,0,0,0,0,0,1,0,0,0,0,0,0,0
VQ5Y7R75,251,1,2,0,0,0,0,0,1,0,1,0,0,0,0,0,0,1,1,0,1,1
VRMM8FS4,250,0,2,0,1,0,0,0,1,0,0,0,0,0,0,0,1,0,1,0,0,1
VUGP88G7,263,2,1,1,0,1,0,0,0,0,0,0,0,0,0,0,0,0,0,0,0,1
VUUVC82A,244,1,2,0,0,0,0,1,0,1,0,0,0,0,0,0,0,0,0,0,1,1
VVFJLW1K,249,0,2,0,0,1,0,0,0,0,0,0,0,0,1,0,0,1,0,1,0,0
VVRAG17E,265,1,1,1,0,0,0,0,0,0,1,0,0,1,1,1,1,1,0,1,1,0
VW59ZIWI,264,1,1,1,1,0,0,0,0,0,0,0,1,0,0,0,0,0,0,0,0,0
VWT5ETGK,251,1,2,0,0,0,0,1,0,0,1,0,0,0,0,1,0,0,1,0,0,0
VYZCJ8DC,253,1,1,1,0,0,0,0,0,0,0,0,0,0,1,1,1,0,0,1,0,0
W1KPZ31H,259,0,1,1,1,0,1,0,0,0,0,0,0,0,1,1,0,0,0,1,0,0
W1KVTHT8,246,0,2,0,1,0,0,0,0,0,0,0,0,0,1,0,0,1,0,0,0,0
W263B1O9,243,1,2,0,0,0,1,0,0,0,0,0,0,0,0,0,0,1,0,0,0,1
W2WJKTGY,304,0,2,1,0,0,0,0,0,0,0,0,0,0,0,0,0,0,1,0,0,0
W4HJFQT1,247,2,1,1,0,0,1,0,0,0,0,0,0,0,0,0,0,1,0,1,1,0
W4LB21EH,250,1,2,0,0,0,0,0,0,0,0,0,0,0,1,1,1,0,0,0,0,0
W4U919HA,247,0,1,1,1,0,0,0,0,0,0,0,0,1,0,1,1,0,0,0,0,0
W57KTXJ6,243,0,2,0,1,0,0,0,0,0,1,0,0,0,0,0,1,0,0,0,0,0
W8WABPI6,250,0,1,1,1,0,0,0,0,0,0,0,0,0,1,0,0,0,1,1,1,0
W97PAFLI,275,1,1,1,1,0,0,0,0,0,0,0,1,0,0,0,1,1,0,0,0,0
WBNNQ8U2,249,0,2,0,1,0,0,0,0,0,0,0,0,1,1,0,0,1,0,0,1,0
WDELTYU8,270,1,2,0,1,0,0,0,0,0,0,0,0,1,0,1,0,0,0,0,0,0
WF91BE4G,253,0,2,0,1,0,0,0,0,0,1,0,0,0,1,0,1,0,0,0,1,0
WG48O91M,251,0,2,0,1,0,0,0,0,0,0,0,0,0,1,1,0,0,0,1,0,0
WHQEMOIH,246,0,2,0,1,0,1,0,0,0,0,0,0,0,0,0,0,1,0,0,0,0
WJAMVIH7,277,1,1,1,1,0,0,0,0,0,0,0,0,0,1,0,0,0,1,0,1,1
WJH9JQ7R,281,0,2,0,1,1,0,0,0,0,0,0,1,0,0,1,1,0,0,0,0,0
WL94JGQ3,270,1,2,0,1,0,0,0,0,0,0,0,0,0,1,0,0,0,0,0,0,0
WLE9VS3B,242,1,1,1,0,0,0,0,1,0,0,0,0,0,0,0,0,0,1,0,1,1
WLOJKC2I,265,1,2,0,0,1,0,0,0,0,0,0,0,0,0,0,0,0,0,1,0,0
WLRR9TK5,242,0,2,0,1,0,0,0,0,0,0,0,0,0,0,0,0,1,1,0,0,0
WOIHLUZL,247,1,1,1,0,0,0,0,0,0,1,1,0,0,0,0,1,1,0,0,0,0
WOMROXN8,253,1,2,0,0,0,1,0,0,0,1,0,0,1,0,0,1,1,0,0,0,0
WORXUCE2,243,0,1,1,0,1,0,0,0,0,0,0,0,0,0,1,0,0,0,1,0,0
WP1HZ5O1,243,1,1,1,0,0,0,0,0,0,0,0,0,0,0,0,1,1,0,1,0,0
WSA8IQ69,246,1,1,1,0,0,0,1,0,1,0,0,0,0,0,0,0,0,0,1,1,0
WSB9BBK8,245,2,2,0,0,0,0,0,0,0,0,0,0,0,0,0,1,0,1,1,1,1
WTQWHRYJ,243,1,2,0,0,0,0,1,0,0,0,0,0,0,0,0,0,0,1,1,0,0
WTWHBQ6C,246,0,2,0,1,0,0,0,0,0,0,0,0,0,1,0,0,0,1,0,0,1
WWA5G7JC,242,0,2,0,0,1,0,0,0,0,0,1,0,1,0,0,0,0,1,0,0,1
WXZJEKR2,253,1,2,0,0,0,0,0,0,0,0,1,0,0,1,1,1,0,0,0,0,0
X11B1DK7,247,1,2,0,0,0,0,0,0,0,0,0,0,0,1,0,0,1,0,1,1,0
X2JV1JCE,249,0,1,0,3,1,0,0,0,0,0,0,0,0,0,1,1,0,0,1,0,1
X4EH5A17,244,1,1,1,0,0,0,0,1,0,0,0,0,0,1,0,0,0,0,0,0,1
X5JYJJ8L,254,1,1,1,0,0,0,0,0,1,1,0,0,0,0,1,0,1,1,0,0,0
X5L7GDTD,248,0,2,0,1,0,0,0,0,0,0,0,0,0,0,1,1,0,0,0,1,0
X8HV9UKE,255,0,1,1,1,0,0,0,0,0,0,0,0,0,1,0,1,1,0,1,0,0
XC64FZ37,245,1,2,0,0,0,0,0,0,0,0,0,0,0,0,1,0,0,1,1,1,0
XF4F262L,259,1,2,0,0,0,0,1,0,1,0,1,0,0,1,1,0,0,0,0,0,0
XJIJKC41,248,1,2,0,0,0,0,1,0,0,0,0,0,0,0,0,1,1,0,0,0,1
XKLDQ7FK,245,1,2,0,0,0,1,0,0,0,0,0,0,0,1,0,0,0,0,0,0,0
XNVFRW54,245,0,2,0,0,1,0,0,0,0,0,0,0,0,1,0,0,0,1,0,0,0
XOOAD8F9,272,1,2,0,1,0,0,0,0,0,1,0,0,0,0,0,0,1,0,0,0,1
XQAGLEON,283,0,1,1,2,0,0,1,0,0,1,0,0,0,0,0,1,0,0,0,0,0
XR8AZ63J,246,1,2,0,0,0,0,0,1,0,0,1,0,0,0,1,0,0,0,0,0,1
XRXPSH7K,244,0,1,1,1,0,0,0,0,0,0,0,1,0,0,1,0,0,0,0,1,0
XSSMJQDC,252,1,2,0,0,0,0,0,1,0,0,0,1,0,1,0,0,0,1,1,0,0
XVCPQSLB,251,0,2,0,1,0,0,0,1,0,0,0,0,0,0,1,0,0,0,1,1,0
XVZGWGJ7,265,1,2,0,1,0,0,0,0,0,0,0,0,0,0,0,0,0,0,1,0,0
XXE2YDZ8,242,2,2,0,0,0,0,0,0,1,0,0,1,0,0,0,1,0,0,0,0,0
XXL1883B,252,1,2,0,0,0,0,0,0,0,0,0,0,0,1,1,1,0,0,0,1,0
XXRXGVJB,297,1,2,0,1,1,0,0,0,0,0,0,1,0,0,0,0,0,0,0,0,0
XYATLTUL,247,1,1,1,0,0,0,0,0,0,0,0,0,0,1,0,1,0,1,0,0,0
Y23VKMN3,245,1,2,0,0,0,0,0,1,0,0,0,0,0,0,0,1,0,1,0,0,0
Y2CCUG72,245,1,1,1,0,0,1,0,0,0,0,0,0,0,1,0,0,0,0,0,0,0
Y2MX4GQD,246,1,2,0,0,0,0,0,0,0,0,0,0,0,1,0,1,0,0,1,0,0
Y2NZ1SC2,242,1,2,0,0,0,0,0,0,0,0,0,0,0,1,0,0,0,1,0,0,1
Y2OA7GFM,242,1,2,0,0,0,0,0,0,0,0,0,0,0,1,0,0,1,0,0,0,0
Y9293RAG,246,0,2,0,0,1,0,0,0,0,0,0,1,1,0,0,1,0,1,0,0,0
Y936ZGAD,247,1,1,1,0,0,0,0,0,0,0,0,0,0,1,0,1,0,1,0,0,0
Y9POA84H,275,1,1,1,1,0,0,0,0,0,0,0,0,0,0,0,1,1,0,0,1,0
Y9SEMQ63,255,0,1,1,1,0,0,0,1,0,1,0,0,0,1,0,0,0,1,0,0,0
YA7O2CQB,244,2,1,1,0,0,0,0,0,0,0,0,0,0,1,1,0,0,0,0,0,0
YCJCH5CL,243,1,1,1,0,0,0,0,0,0,0,0,0,0,1,0,1,0,0,0,0,0
YCRRO3JJ,250,0,1,1,1,0,0,0,0,0,0,1,0,0,0,1,0,0,1,1,0,0
YFSHQYI1,270,0,1,1,2,0,0,0,0,0,0,0,0,0,0,0,0,0,1,0,0,0
YG5TZ5VH,256,0,2,0,1,0,1,0,1,0,0,0,0,0,0,0,1,0,0,0,1,1
YMQOOUNJ,244,0,2,0,1,0,0,0,0,0,0,0,0,0,1,0,0,0,0,0,1,1
YP3SNO26,243,1,1,0,3,0,0,0,0,0,0,0,0,0,1,1,0,0,0,0,0,0
YU424MDL,269,0,2,0,2,0,0,0,0,0,0,1,0,0,0,0,0,0,0,0,0,0
YUBVUI57,245,1,2,0,0,0,0,0,0,0,0,0,0,0,1,0,0,1,0,1,0,0
YUWH8ZEE,276,2,2,0,0,1,0,0,0,0,0,0,0,0,1,0,0,1,0,0,0,1
YW9OLRRL,265,1,2,0,1,0,0,0,0,0,0,0,0,0,0,0,0,0,0,0,1,1
YX86PFM2,262,1,1,1,1,0,0,0,0,0,0,0,0,0,0,0,0,0,0,0,0,0
Z1M8JWZJ,243,1,2,0,0,0,0,0,0,0,0,0,0,0,0,0,1,1,0,1,0,0
Z2A3JI7B,332,1,2,1,0,0,0,0,0,0,0,0,0,0,0,0,0,0,0,0,1,1
Z63S7XZ2,254,0,1,1,1,0,0,1,0,0,0,0,0,0,0,1,0,0,1,1,0,0
Z65I1YYF,243,0,1,1,1,0,0,0,0,0,0,0,0,0,0,1,0,0,0,1,0,0
ZE7AVPB8,262,0,2,0,1,0,1,0,0,0,1,1,0,1,1,0,0,0,1,0,0,1
ZGQN5B28,242,0,1,1,1,0,0,0,0,1,1,0,0,0,0,0,0,0,0,0,0,0
ZIDHTN9H,245,1,1,1,0,0,0,0,0,0,0,0,0,1,1,0,0,0,1,1,0,0
ZJHF8HB5,246,0,2,0,0,1,0,0,0,0,1,0,0,0,0,1,0,0,0,0,1,0
ZMQLDBC6,243,0,2,0,1,0,0,0,0,0,0,1,0,0,0,1,0,0,0,0,0,0
ZN1H8XT3,242,1,2,0,0,0,0,0,0,0,0,0,0,0,1,0,0,0,1,0,0,1
ZN9XVDZZ,285,0,2,0,1,1,0,0,0,0,0,1,0,0,1,1,0,0,0,0,0,1
ZP598RHK,270,1,1,1,1,0,0,0,0,0,0,0,0,0,0,0,0,1,0,1,0,0
ZR8XEKYE,250,1,2,0,0,0,0,0,0,0,0,1,0,0,0,1,1,1,0,0,0,0
ZRZLUM64,262,1,1,1,0,1,0,0,0,0,0,0,0,0,0,0,0,0,0,0,0,0
ZUF9LP5H,272,1,2,0,0,1,0,0,0,0,0,0,0,0,0,1,0,0,0,1,0,0
