X69HK211,158,1,1,0,0
J5EUF311,153,0,2,0,0
DFXK1411,163,2,0,0,0
K1PIS511,158,1,1,0,0
NXXNL711,153,0,2,0,0
2V64H811,158,1,1,0,0
L4IEE811,153,0,2,0,0
Z1IT6A11,158,1,1,0,0
S1ODEC11,163,2,0,0,0
52YLDC11,158,1,1,0,0
DQHVEE11,158,1,1,0,0
7B1S7F11,153,0,2,0,0
JEXRNG11,163,2,0,0,0
WB9YXK11,158,1,1,0,0
3FEO6L11,213,2,0,1,0
ZHZYCR11,163,2,0,0,0
FCNJWV11,153,0,2,0,0
GCR21X11,158,1,1,0,0
QLXB3X11,158,1,1,0,0
ZSWZ9X11,158,1,1,0,0
8NSRLZ11,153,0,2,0,0
MOTMQ121,158,1,1,0,0
ZGS7Z121,158,1,1,0,0
WWP7Q321,153,0,2,0,0
2HJF5421,158,1,1,0,0
36TT6621,163,2,0,0,0
UK349821,163,2,0,0,0
TM7K9821,153,0,2,0,0
IC2JH821,153,0,2,0,0
81RON821,158,1,1,0,0
YTM93921,163,2,0,0,0
KMKR9B21,158,1,1,0,0
BLR2LC21,158,1,1,0,0
KO6S4E21,158,1,1,0,0
EV43JE21,158,1,1,0,0
AIW37K21,163,2,0,0,0
KU9TKK21,153,0,2,0,0
141SGM21,158,1,1,0,0
K64GQM21,158,1,1,0,0
UMV3BN21,153,0,2,0,0
T29U2N21,153,0,2,0,0
EWRRKO21,163,2,0,0,0
4QMQTO21,163,2,0,0,0
HV2TZO21,158,1,1,0,0
FE2USR21,158,1,1,0,0
5YAJZR21,158,1,1,0,0
THZBWU21,153,0,2,0,0
CCSZQU21,153,0,2,0,0
B834MW21,163,2,0,0,0
MECZIX21,153,0,2,0,0
YHIBZ231,153,0,2,0,0
4ZKH4331,158,1,1,0,0
9I8GF331,158,1,1,0,0
56DAD431,153,0,2,0,0
O1QKU631,158,1,1,0,0
MU2FG831,158,1,1,0,0
SH2VG831,158,1,1,0,0
9YBWF931,163,2,0,0,0
38VC8D31,163,2,0,0,0
7FWAND31,158,1,1,0,0
43A1PJ31,158,1,1,0,0
PA6HEM31,158,1,1,0,0
783PGN31,158,1,1,0,0
MTW1BO31,153,0,2,0,0
IPWRWO31,243,3,0,0,0
DWFJTQ31,163,2,0,0,0
XXTAQU31,158,1,1,0,0
HPX6GV31,153,0,2,0,0
BNMZ1141,158,1,1,0,0
PJ28H241,163,2,0,0,0
IBD7G441,163,2,0,0,0
6ONPD441,158,1,1,0,0
C5DH7641,163,2,0,0,0
2ENBK641,163,2,0,0,0
N3N47741,153,0,2,0,0
LTA28A41,163,2,0,0,0
UKCH1E41,158,1,1,0,0
2JR92G41,158,1,1,0,0
JTZZJK41,153,0,2,0,0
YL42LL41,163,2,0,0,0
Z49WBL41,158,1,1,0,0
JQ92FM41,163,2,0,0,0
KS6FQN41,153,0,2,0,0
USR9FO41,158,1,1,0,0
13647P41,163,2,0,0,0
NFBKMQ41,158,1,1,0,0
3FCUGR41,158,1,1,0,0
S9D73U41,158,1,1,0,0
UC6LAW41,163,2,0,0,0
5KGZ6Z41,163,2,0,0,0
A8422151,158,1,1,0,0
PJ5HO351,153,0,2,0,0
VJJHA551,158,1,1,0,0
XHV4V951,163,2,0,0,0
2XHLZA51,158,1,1,0,0
4UHQXC51,153,0,2,0,0
78GIHE51,158,1,1,0,0
19FYKF51,158,1,1,0,0
NQZ73G51,158,1,1,0,0
VY565N51,158,1,1,0,0
5NHCMS51,158,1,1,0,0
6ABQ5661,153,0,2,0,0
63ZCU861,153,0,2,0,0
YEUXRF61,153,0,2,0,0
1U59JG61,158,1,1,0,0
314CQI61,153,0,2,0,0
NCFAPL61,153,0,2,0,0
FQTM7Q61,158,1,1,0,0
KO9I6R61,158,1,1,0,0
OQR8LS61,163,2,0,0,0
SNZTMS61,163,2,0,0,0
FWQ1PT61,163,2,0,0,0
XL9ZLV61,158,1,1,0,0
AMTTIX61,163,2,0,0,0
I5AEB171,233,1,2,0,0
JKUEB671,163,2,0,0,0
GGPGL671,153,0,2,0,0
MWOE5871,158,1,1,0,0
DVGC5E71,153,0,2,0,0
S5K4QI71,158,1,1,0,0
CPUUYI71,153,0,2,0,0
4TI1MK71,238,2,1,0,0
3MC3AM71,163,2,0,0,0
CHXJ8M71,158,1,1,0,0
8CC4DP71,153,0,2,0,0
PWTJBR71,158,1,1,0,0
ZQQJ3S71,163,2,0,0,0
V429PT71,158,1,1,0,0
SD4OTT71,158,1,1,0,0
A69IXV71,163,2,0,0,0
FFBT7W71,158,1,1,0,0
Y9HJIX71,153,0,2,0,0
UAY6MY71,238,2,1,0,0
J7CO4181,153,0,2,0,0
Z7BZZ481,158,1,1,0,0
7ACSH581,153,0,2,0,0
N5E5Q681,153,0,2,0,0
2LDLT881,158,1,1,0,0
PWZUM981,238,2,1,0,0
5S4AX981,158,1,1,0,0
GWSXZH81,158,1,1,0,0
P4ZXVJ81,158,1,1,0,0
QX8BJK81,163,2,0,0,0
9PCKWN81,163,2,0,0,0
3Y6TCQ81,158,1,1,0,0
RSG9RQ81,163,2,0,0,0
H7BB7R81,158,1,1,0,0
SVNW4U81,158,1,1,0,0
T49Z5Y81,153,0,2,0,0
4EC9HZ81,158,1,1,0,0
W2JSQZ81,153,0,2,0,0
HEJ9J391,153,0,2,0,0
2NDUR391,233,1,2,0,0
W3ICQ691,153,0,2,0,0
ZHJKH791,153,0,2,0,0
YP99K991,153,0,2,0,0
NSMVJ991,153,0,2,0,0
8C1VIA91,153,0,2,0,0
66J1TD91,158,1,1,0,0
FCFOWF91,163,2,0,0,0
H1Y2VG91,153,0,2,0,0
FP37OJ91,158,1,1,0,0
I9ACWJ91,158,1,1,0,0
ZH4PDR91,153,0,2,0,0
TUHMOT91,158,1,1,0,0
VRL1TZ91,158,1,1,0,0
Z3O8R1A1,153,0,2,0,0
KOCOL5A1,163,2,0,0,0
B4MWT6A1,158,1,1,0,0
IATFI9A1,153,0,2,0,0
1H9GK9A1,163,2,0,0,0
D31BQ9A1,163,2,0,0,0
H5K45BA1,163,2,0,0,0
PG57FEA1,153,0,2,0,0
NY6CUKA1,158,1,1,0,0
3BYFJNA1,158,1,1,0,0
XBYAYSA1,158,1,1,0,0
CV55QUA1,158,1,1,0,0
BMHGOUA1,163,2,0,0,0
FXWAEVA1,158,1,1,0,0
4342CXA1,163,2,0,0,0
XUEYEYA1,158,1,1,0,0
6CKOUYA1,158,1,1,0,0
EITHDZA1,158,1,1,0,0
V5ZUL3B1,158,1,1,0,0
VGSRP3B1,153,0,2,0,0
6KUDB4B1,158,1,1,0,0
GQNN95B1,158,1,1,0,0
JPM3TGB1,153,0,2,0,0
9X5NRHB1,153,0,2,0,0
TPTKNIB1,158,1,1,0,0
U431ZIB1,158,1,1,0,0
G11W6KB1,163,2,0,0,0
89O4ZKB1,158,1,1,0,0
L9F7KMB1,158,1,1,0,0
AITDZNB1,163,2,0,0,0
WFNW4PB1,153,0,2,0,0
ZL4YFQB1,153,0,2,0,0
WMYVNRB1,163,2,0,0,0
4L589UB1,163,2,0,0,0
OTGJHUB1,158,1,1,0,0
PRALUXB1,158,1,1,0,0
JC74Z2C1,158,1,1,0,0
RQMWR6C1,153,0,2,0,0
8LXON7C1,153,0,2,0,0
8SF5W8C1,158,1,1,0,0
566HPDC1,153,0,2,0,0
3H56GFC1,158,1,1,0,0
UD86GNC1,153,0,2,0,0
P3C6TNC1,158,1,1,0,0
FVJ1EOC1,158,1,1,0,0
MDNODVC1,158,1,1,0,0
8MS18XC1,158,1,1,0,0
MN1RFXC1,153,0,2,0,0
D6LBOZC1,153,0,2,0,0
DGLLUZC1,153,0,2,0,0
6O3ZF1D1,158,1,1,0,0
RA7AI1D1,158,1,1,0,0
RMUDR3D1,158,1,1,0,0
8TVGY5D1,158,1,1,0,0
XYF757D1,158,1,1,0,0
UEJS18D1,163,2,0,0,0
VDBIM9D1,158,1,1,0,0
PBYEBAD1,158,1,1,0,0
HGOSWED1,158,1,1,0,0
ERO7BFD1,153,0,2,0,0
YN6E4HD1,158,1,1,0,0
8KLT4ID1,158,1,1,0,0
LUM19KD1,158,1,1,0,0
I33DBPD1,153,0,2,0,0
5L8OYQD1,153,0,2,0,0
24NE2RD1,153,0,2,0,0
GVV84TD1,153,0,2,0,0
4NU59TD1,153,0,2,0,0
TLDSDTD1,158,1,1,0,0
LHE9QTD1,158,1,1,0,0
VBLQNTD1,163,2,0,0,0
4REHMUD1,163,2,0,0,0
IXXO6VD1,163,2,0,0,0
2UPIFWD1,163,2,0,0,0
J4XD2ZD1,158,1,1,0,0
7V7AS1E1,153,0,2,0,0
DGDI52E1,153,0,2,0,0
IWDD53E1,163,2,0,0,0
UL77K3E1,163,2,0,0,0
H6BNH4E1,158,1,1,0,0
UEVKG5E1,158,1,1,0,0
M42NT5E1,163,2,0,0,0
NXA489E1,158,1,1,0,0
FID92CE1,153,0,2,0,0
P3YAGCE1,163,2,0,0,0
O5BUDEE1,153,0,2,0,0
KQILUGE1,158,1,1,0,0
H5YITJE1,153,0,2,0,0
DB22OKE1,163,2,0,0,0
I5WLWLE1,153,0,2,0,0
OL4HZNE1,158,1,1,0,0
2A9F9WE1,158,1,1,0,0
CB4Y8WE1,158,1,1,0,0
ZOZ2UYE1,153,0,2,0,0
7TMOT4F1,163,2,0,0,0
WJLUP6F1,153,0,2,0,0
O1IVU7F1,163,2,0,0,0
SBDMR9F1,163,2,0,0,0
FXTDUBF1,163,2,0,0,0
DZYNYDF1,163,2,0,0,0
F6772HF1,163,2,0,0,0
YFYSBHF1,158,1,1,0,0
TJQMWHF1,153,0,2,0,0
D2PPJJF1,158,1,1,0,0
6GUPQLF1,163,2,0,0,0
PLRTCMF1,153,0,2,0,0
HOC66SF1,158,1,1,0,0
DD6N8XF1,158,1,1,0,0
7XEYDYF1,158,1,1,0,0
W9E3D2G1,163,2,0,0,0
FEFAO6G1,153,0,2,0,0
18S2YCG1,158,1,1,0,0
31HWDEG1,158,1,1,0,0
D4VI7FG1,163,2,0,0,0
3UAGPFG1,163,2,0,0,0
MN95UFG1,158,1,1,0,0
IW2O3GG1,158,1,1,0,0
ROFYRIG1,203,0,2,0,1
QP8EHJG1,153,0,2,0,0
3T3RLKG1,158,1,1,0,0
PFDLGMG1,158,1,1,0,0
V3NRQMG1,163,2,0,0,0
2LVMSRG1,158,1,1,0,0
F738HTG1,163,2,0,0,0
6Y9Y52H1,163,2,0,0,0
WAFD13H1,153,0,2,0,0
G44B24H1,158,1,1,0,0
4W5KDCH1,163,2,0,0,0
JWWFIDH1,158,1,1,0,0
2BYDVFH1,153,0,2,0,0
W82NPGH1,158,1,1,0,0
IZUEHIH1,163,2,0,0,0
ALJOFJH1,158,1,1,0,0
GQQ8JKH1,163,2,0,0,0
VK3G3NH1,158,1,1,0,0
9LZV3NH1,158,1,1,0,0
2SMABOH1,153,0,2,0,0
6ASF7PH1,158,1,1,0,0
WTQI7PH1,163,2,0,0,0
G1CHTRH1,153,0,2,0,0
IZENNSH1,158,1,1,0,0
ZVP6TWH1,163,2,0,0,0
RWWR1XH1,158,1,1,0,0
AVMCWXH1,158,1,1,0,0
TP6KYXH1,153,0,2,0,0
4LHBQYH1,163,2,0,0,0
SLT9OZH1,158,1,1,0,0
EQIDB3I1,158,1,1,0,0
419MB3I1,208,1,1,1,0
44BAO3I1,153,0,2,0,0
I62SO3I1,163,2,0,0,0
H9T415I1,153,0,2,0,0
EE7I25I1,153,0,2,0,0
HQA919I1,158,1,1,0,0
DOMCR9I1,163,2,0,0,0
PY36VAI1,163,2,0,0,0
CWAFXEI1,153,0,2,0,0
J8YX5FI1,153,0,2,0,0
2R9KTHI1,163,2,0,0,0
Q5R3GII1,158,1,1,0,0
BORDKJI1,158,1,1,0,0
5YB99KI1,153,0,2,0,0
E9TGVKI1,163,2,0,0,0
XHSW9MI1,163,2,0,0,0
X737NMI1,158,1,1,0,0
PTOJ6TI1,158,1,1,0,0
1MA93VI1,163,2,0,0,0
GZYJAVI1,163,2,0,0,0
HKRLEVI1,163,2,0,0,0
MBS49YI1,158,1,1,0,0
38ZZ3ZI1,158,1,1,0,0
OF38M6J1,153,0,2,0,0
3EPJT8J1,153,0,2,0,0
EOO9J9J1,158,1,1,0,0
GP2QX9J1,158,1,1,0,0
KNT6IFJ1,163,2,0,0,0
YXX5QHJ1,158,1,1,0,0
RKEYLJJ1,158,1,1,0,0
I4TXIOJ1,163,2,0,0,0
OKPWBSJ1,153,0,2,0,0
C69C3TJ1,153,0,2,0,0
7WDFOTJ1,163,2,0,0,0
BYAV1UJ1,153,0,2,0,0
9X4Q5UJ1,158,1,1,0,0
ZBF4EXJ1,158,1,1,0,0
GF7GKZJ1,163,2,0,0,0
O4PJOZJ1,153,0,2,0,0
FHBMZZJ1,153,0,2,0,0
UDZOH2K1,238,2,1,0,0
NH83J3K1,158,1,1,0,0
B5O794K1,153,0,2,0,0
4THDAAK1,153,0,2,0,0
XP8D8AK1,158,1,1,0,0
WWRPGAK1,163,2,0,0,0
92QBRAK1,153,0,2,0,0
7IVO5BK1,158,1,1,0,0
7Y12GDK1,158,1,1,0,0
7W8PNDK1,158,1,1,0,0
YREPQDK1,158,1,1,0,0
F4RNPJK1,158,1,1,0,0
HZ3D3LK1,158,1,1,0,0
SN7GJLK1,158,1,1,0,0
K6DCFNK1,158,1,1,0,0
3Q6IEPK1,153,0,2,0,0
3Z1F5VK1,159,1,1,0,0
AMLYQVK1,158,1,1,0,0
O8NKBWK1,153,0,2,0,0
YX65SWK1,163,2,0,0,0
33VKEYK1,158,1,1,0,0
V3RZWYK1,153,0,2,0,0
2X46CZK1,158,1,1,0,0
7QGKU6L1,153,0,2,0,0
OOKRV8L1,163,2,0,0,0
K1F9ACL1,158,1,1,0,0
I6JI5DL1,158,1,1,0,0
8I9SGDL1,228,0,3,0,0
E81CRDL1,153,0,2,0,0
5TLTWDL1,153,0,2,0,0
RA5H6EL1,153,0,2,0,0
I5UQ1FL1,153,0,2,0,0
QZZMWFL1,163,2,0,0,0
X6UERIL1,158,1,1,0,0
86GKKOL1,153,0,2,0,0
BWCWTPL1,163,2,0,0,0
EMS4NQL1,158,1,1,0,0
RNKAUTL1,158,1,1,0,0
TWAE1WL1,158,1,1,0,0
F2LHXWL1,163,2,0,0,0
CBHL91M1,158,1,1,0,0
USE6Q1M1,153,0,2,0,0
V5F173M1,158,1,1,0,0
MPT6O4M1,163,2,0,0,0
P79GC6M1,158,1,1,0,0
NZH4I9M1,158,1,1,0,0
GZJRD9M1,158,1,1,0,0
CM3IY9M1,163,2,0,0,0
AKS1XAM1,153,0,2,0,0
MZNDDBM1,153,0,2,0,0
QZX5RCM1,158,1,1,0,0
89158EM1,153,0,2,0,0
74KU9EM1,158,1,1,0,0
S49L6HM1,158,1,1,0,0
HXBDTHM1,153,0,2,0,0
3MIRDJM1,163,2,0,0,0
8RG2QKM1,158,1,1,0,0
XS4JMPM1,158,1,1,0,0
NROY5QM1,163,2,0,0,0
NK66ASM1,158,1,1,0,0
31TCUSM1,158,1,1,0,0
4NNIJVM1,158,1,1,0,0
F8DQPWM1,158,1,1,0,0
UL6ONZM1,163,2,0,0,0
IPLX21N1,163,2,0,0,0
CHL6I1N1,158,1,1,0,0
7OZ6O8N1,158,1,1,0,0
JVR89CN1,158,1,1,0,0
8LJFICN1,158,1,1,0,0
9XAQ3DN1,158,1,1,0,0
QL836GN1,158,1,1,0,0
9QED6JN1,153,0,2,0,0
E8P5HJN1,158,1,1,0,0
1HGCWMN1,158,1,1,0,0
VPQESPN1,158,1,1,0,0
6MUJAQN1,158,1,1,0,0
BNU3LRN1,158,1,1,0,0
HEBSM3O1,153,0,2,0,0
PSPWR5O1,158,1,1,0,0
ZA2OU7O1,158,1,1,0,0
R3FZH8O1,158,1,1,0,0
8WZ8WIO1,158,1,1,0,0
QR53WMO1,163,2,0,0,0
K2J8PPO1,158,1,1,0,0
HAPY3RO1,158,1,1,0,0
SYYY7TO1,158,1,1,0,0
FXL1TVO1,158,1,1,0,0
XKQ8PWO1,153,0,2,0,0
CRD4E2P1,163,2,0,0,0
EE55S4P1,153,0,2,0,0
AZH5H5P1,153,0,2,0,0
1EUOA7P1,153,0,2,0,0
XG4RBEP1,153,0,2,0,0
PSN5XEP1,163,2,0,0,0
YMDB7IP1,163,2,0,0,0
OHDGZJP1,153,0,2,0,0
Y6XA3LP1,158,1,1,0,0
81DMEMP1,158,1,1,0,0
6VXPDOP1,153,0,2,0,0
5Z291PP1,208,1,1,1,0
NPOHGPP1,163,2,0,0,0
T335SPP1,158,1,1,0,0
9YM8ERP1,158,1,1,0,0
SSKRVSP1,163,2,0,0,0
Y5KNZWP1,158,1,1,0,0
RF8P3XP1,163,2,0,0,0
FW45RXP1,158,1,1,0,0